CODE,DESCRIPTION
C0000727,abdomen acute
C0000737,Abdominal Pain
C0000809,Habitual Abortion
C0000814,Missed abortion
C0000889,Acanthosis Nigricans
C0001125,acidosis lactic
C0001126,Renal tubular acidosis
C0001127,Respiratory Acidoses
C0001144,Acne Vulgaris
C0001145,Acne Keloid
C0001169,Acq coagul factor defic
C0001175,Acquired Immunodeficiency Syndrome
C0001231,Ectopic ACTH Syndrome
C0001261,ACTINOMYCES INFECT
C0001311,acute bronchiolitis
C0001327,Acute laryngitis
C0001339,Acute pancreatic inflammation
C0001344,acute pharyngitis
C0001403,Addison Disease
C0001486,Adenovirus Infections
C0001539,Adjustment disorder with depressed mood
C0001546,Adjustment Disorders
C0001621,adrenal disease
C0001627,Congenital adrenal hyperplasia
C0001816,Agnosia
C0001818,Agoraphobia
C0001824,Agranulocytosis
C0001825,agraphia
C0001849,Acquired immune deficiency syndrome dementia complex
C0001916,albinism
C0001957,Alcohol Withdrawal Delirium
C0001973,Chronic Alcoholic Intoxication
C0002063,alkaloses
C0002066,AKU
C0002106,Allergic pneumonia
C0002170,Alopecia
C0002171,Alopecia Areata
C0002312,alpha-Thalassemia
C0002351,Altitude Sickness
C0002390,Extrinsic allergic alveolitis
C0002395,Alzheimer's Disease
C0002418,Amblyopia
C0002438,Amebiasis
C0002453,Amenorrhea
C0002514,Inborn Errors Amino Acid Metabolism
C0002622,Amnesia
C0002624,Retrograde amnesia
C0002726,Amyloidosis
C0002736,Amyotrophic Lateral Sclerosis
C0002792,anaphylaxis
C0002871,Anemia
C0002874,Aplastic Anemia
C0002875,Cooley's anemia
C0002878,ANAEMIA HAEMOLYTIC
C0002884,Hypochromic anemia
C0002888,Anaemia - megaloblastic
C0002892,Pernicious Anemia
C0002895,Sickle Cell Anemia
C0002896,Sideroblastic anemia
C0002962,Angina Pectoris
C0002963,Variant Angina Pectoris
C0002965,Unstable Angina
C0002986,Fabry Disease
C0003028,Anhidrosis
C0003123,Anorexia
C0003125,Anorexia Nervosa
C0003152,Anterior Compartment Syndrome
C0003165,Anthracosis
C0003175,Anthrax disease
C0003431,Antisocial Personality Disorder
C0003467,Anxiety
C0003469,Anxiety Disorders
C0003486,Aortic Aneurysm
C0003504,Aortic Valve Insufficiency
C0003507,Aortic Valve Stenosis
C0003509,Aortitides
C0003511,Syphilitic Aortitides
C0003537,Aphasia
C0003564,Aphonia
C0003578,Apnea
C0003615,Appendicitis
C0003635,apraxia
C0003708,Arachnoiditis
C0003742,Arcus Senilis
C0003850,Arteriosclerosis
C0003862,Arthralgia
C0003864,Arthritis
C0003869,Infectious Arthritis
C0003872,arthritic psoriasis
C0003873,Rheumatoid Arthritis
C0003886,Arthrogryposis
C0003892,Neurogenic arthropathy
C0003949,Amianthosis
C0003950,Ascariasis
C0004030,Aspergillosis
C0004031,Allergic Bronchopulmonary Aspergillosis
C0004032,ASPERGILLOSIS DISSEMINATED
C0004093,Asthenia
C0004095,Accommodative asthenopia
C0004096,Asthma
C0004106,astigmatism
C0004134,Ataxia
C0004153,Atherosclerosis
C0004245,Atrioventricular Block
C0004352,Autistic Disorder
C0004364,Autoimmune Diseases
C0004576,Babesiosis
C0004604,Back Pain
C0004608,Backgrnd retinopathy NOS
C0004610,Bacteremia
C0004623,Bacterial Infections
C0004626,bacterial pneumonia
C0004659,Bacilluria
C0004690,Balanitis
C0004691,Balanoposthitis
C0004712,Balo's Concentric Sclerosis
C0004763,Barrett Esophagus
C0004767,abscess bartholin cyst
C0004771,Bartonella Infections
C0004775,Bartter Disease
C0004903,Beckwith-Wiedemann Syndrome
C0004930,Behavior Disorders
C0004936,Mental disorders
C0004943,Behcet Syndrome
C0005122,Beriberi
C0005283,beta Thalassemia
C0005424,Biliary Tract Diseases
C0005586,Bipolar Disorder
C0005683,Urinary Bladder Calculi (disorder)
C0005686,Urinary Bladder Diseases
C0005689,Bladder Exstrophy
C0005694,Bladder neck obstruction
C0005716,Blastomycosis
C0005741,Blepharitis
C0005745,Blepharoptosis
C0005747,Blepharospasm
C0005750,Bacterial overgrowth syndrome
C0005779,Blood Coagulation Disorders
C0005887,body disorder dysmorphic
C0005940,Bone Diseases
C0006009,borderline functioning intellectual
C0006012,Borderline Personality Disorder
C0006057,botulism
C0006111,Brain Diseases
C0006112,Metabolic Brain Disease
C0006114,Cerebral Edema
C0006123,Arterial branch occlus
C0006145,Breast Diseases
C0006267,bronchiectases
C0006277,Bronchitis
C0006285,Bronchopneumonia
C0006287,Bronchopulmonary Dysplasia
C0006309,Brucellosis
C0006325,Bruxism
C0006370,Bulimia
C0006384,Bundle-Branch Block
C0006444,Bursitis
C0006542,Byssinosis
C0006625,Cachexia
C0006664,calcinosis cutis
C0006840,Candidiasis
C0006849,Oral candidiasis
C0006852,Candidiasis of vagina
C0006868,Cannabis Abuse
C0006870,Cannabis Dependence
C0007177,cardiac tamponade
C0007192,alcoholic cardiomyopathy
C0007193,Dilated Cardiomyopathy
C0007194,Hypertrophic Cardiomyopathy
C0007196,Restrictive cardiomyopathy
C0007222,Cardiovascular Diseases
C0007286,Carpal Tunnel Syndrome
C0007302,Cartilage Diseases
C0007361,Cat-Scratch Disease
C0007398,Catatonia
C0007570,Celiac Disease
C0007682,CNS disorder
C0007688,Central Retinal Arterial Occlusion
C0007775,Cerebral Atheroscleroses
C0007780,arteries cerebral embolism
C0007785,Cerebral Infarction
C0007787,Transient Ischemic Attack
C0007789,Cerebral Palsy
C0007795,Diffuse Cerebral Sclerosis of Schilder
C0007820,Cerebrovascular Disorders
C0007859,Neck Pain
C0007863,Cervico-occipital neuralgia
C0007868,Cervical dysplasia
C0007947,Chancroids
C0007959,Charcot-Marie-Tooth Disease
C0007971,Cheilitis
C0008031,Chest Pain
C0008033,Pleuritic pain
C0008039,Cheyne-Stokes Respiration
C0008049,Chickenpox
C0008058,Chilblains
C0008073,Developmental Disabilities
C0008149,Chlamydia Infections
C0008311,Cholangitis
C0008312,Primary biliary cirrhosis
C0008325,Cholecystitis
C0008350,Cholelithiasis
C0008354,Cholera
C0008370,bile duct obstruction
C0008373,Cholesteatoma
C0008489,Chorea
C0008513,Chorioretinitis
C0008533,Hemophilia B
C0008677,Chronic Bronchitis
C0008711,chronic rhinitis
C0008728,Eosinophilic granulomatosis with polyangiitis
C0008732,Chylous Ascites
C0008909,Claustrophobia
C0009088,Cluster Headache
C0009090,Cluttering
C0009171,abuse cocaine
C0009186,Coccidioidomycosis
C0009193,coccyalgia
C0009225,Coenuriases
C0009319,Colitis
C0009324,Ulcerative Colitis
C0009400,American mountain tick fever
C0009421,Comatose
C0009443,Common Cold
C0009447,Common Variable Immunodeficiency
C0009451,Communicating Hydrocephalus
C0009460,Communication impairment
C0009492,Compartment syndromes
C0009592,brain compression
C0009595,Obsessive-Compulsive Personality
C0009663,Condylomata Acuminata
C0009676,Confusion
C0009763,Conjunctivitis
C0009768,Bacterial conjunctivitis
C0009774,Viral Conjunctivitis
C0009806,Constipation
C0009946,Conversion disorder
C0009952,Febrile Convulsions
C0010034,Corneal Diseases
C0010037,Corneal edema
C0010043,corneal ulcer
C0010051,Coronary Aneurysm
C0010054,Coronary Arteriosclerosis
C0010068,Coronary heart disease
C0010072,coronary artery thrombosis
C0010093,Corpus Luteum Cyst
C0010200,Coughing
C0010266,Cranial nerve diseases
C0010278,Craniosynostosis
C0010308,Congenital Hypothyroidism
C0010324,type 1 Crigler Najjar syndrome
C0010346,Crohn Disease
C0010380,Croup
C0010403,cryoglobulinaemia
C0010414,Infection by Cryptococcus neoformans
C0010418,Cryptosporidiosis
C0010481,Cushing Syndrome
C0010495,Cutis Laxa
C0010520,Cyanosis
C0010598,affective personality
C0010674,Cystic Fibrosis
C0010678,Cysticerciasis
C0010691,CSNU
C0010692,Cystitis
C0010823,Cytomegalovirus Infections
C0010930,dacrocystitis
C0010964,Dandy-Walker Syndrome
C0011119,Decompression Sickness
C0011127,Pressure Ulcer
C0011157,Deficiency of other vitamins
C0011168,Deglutition Disorders
C0011175,Dehydration
C0011206,Delirium
C0011251,Delusional disorder
C0011263,Multi-infarct dementia
C0011268,Senile dementia
C0011269,Vascular Dementias
C0011302,Demyelinating disease of central nervous system
C0011311,Dengue Fever
C0011334,Dental caries
C0011428,Dentigerous Cyst
C0011548,Dependent Personality Disorder
C0011570,Mental Depression
C0011581,Depressive disorder
C0011603,Dermatitis
C0011606,Exfoliative dermatitis
C0011608,dermatitis herpetiformis
C0011615,Atopic Dermatitis
C0011616,Contact Dermatitis
C0011620,Stasis dermatitis
C0011630,cutaneous mycosis
C0011633,Dermatomyositis
C0011636,Dermatophytosis
C0011847,Diabetes
C0011848,Diabetes Insipidus
C0011849,Diabetes Mellitus
C0011854,Insulin-Dependent Diabetes Mellitus
C0011860,Non-Insulin-Dependent Diabetes Mellitus
C0011876,cataract diabetic
C0011884,Diabetic Retinopathy
C0011974,Diaper Rash
C0011991,Diarrhea
C0012236,DiGeorge Syndrome
C0012242,Digestive System Disorders
C0012546,Diphtheria
C0012624,Discitis
C0012715,Iron Metabolism Disorder
C0012739,Disseminated Intravascular Coagulation
C0012746,Dissociative disorder
C0012819,Diverticular disease of colon
C0013080,Down Syndrome
C0013240,Alveolar periostitis
C0013261,Duane Retraction Syndrome
C0013288,Dumping Syndrome
C0013292,Duodenal Obstruction
C0013295,Duodenal Ulcer
C0013298,Duodenitis
C0013312,Dupuytren Contracture
C0013364,Familial Dysautonomia
C0013371,Shigella Infections
C0013384,Dyskinetic syndrome
C0013390,Dysmenorrhea
C0013395,dyspepsia
C0013404,Dyspnea
C0013415,Dysthymic Disorder
C0013428,[D]Dysuria
C0013447,Ear Diseases
C0013456,Earache
C0013473,Eating Disorders
C0013502,Echinococcosis
C0013537,eclampsia
C0013592,ectropion
C0013595,Eczema
C0013604,Edema
C0013691,chylous effusion
C0013720,Ehlers-Danlos Syndrome
C0013743,Eisenmenger Complex
C0013902,Hereditary Elliptocytosis
C0013927,Amniotic Fluid Embolism
C0014012,empyema gallbladder
C0014013,Abscess of pleural cavity
C0014059,ACUTE DISSEM ENCEPH
C0014060,St. Louis Encephalitis
C0014130,Endocrine System Diseases
C0014173,Endometrial hyperpla NOS
C0014175,Endometriosis
C0014306,Enophthalmos
C0014335,Enteritis
C0014378,Enterovirus Infections
C0014394,Enuresis
C0014457,Eosinophilia
C0014458,eosinophilia pulmonary tropical
C0014493,EKC
C0014518,Toxic Epidermal Necrolysis
C0014534,Epididymitides
C0014541,Epiglottitis
C0014544,Epilepsy
C0014553,Absence Epilepsy
C0014583,Bulbar Conjunctivitis
C0014724,Eructation
C0014733,Erysipelas
C0014740,Erythema Chronicum Migrans
C0014741,BAZIN DIS
C0014742,Erythema Multiforme
C0014743,DERMATITIS CONTUSIFORMIS
C0014761,Fetal Erythroblastosis
C0014804,erythermalgia
C0014836,Bacterial infection caused by E. coli
C0014848,Esophageal Achalasia
C0014852,Esophageal Diseases
C0014858,Esophageal motility disorders
C0014860,Esophageal Perforation
C0014863,Esophageal spasm
C0014866,Esophageal Stenosis
C0014867,esophageal varice
C0014868,Esophagitis
C0014877,Esotropia
C0015029,Ethmoidal Sinusitides
C0015190,euthyroid sick syndrome
C0015230,Exanthema
C0015300,Exophthalmos
C0015310,Divergent concomitant strabismus
C0015397,Disorder of eye
C0015403,EYE INFECT
C0015464,Facial Nerve Diseases
C0015468,Facial Pain
C0015469,Facial paralysis
C0015480,disorder factitious
C0015499,Hereditary Factor V Deficiency
C0015503,Factor VII Deficiency
C0015523,Hereditary Factor XI Deficiency
C0015625,Fanconi Anemia
C0015644,Muscular fasciculation
C0015645,Fasciitis
C0015672,Fatigue
C0015674,Chronic Fatigue Syndrome
C0015696,alcoholic fatty liver
C0015732,Fecal Incontinence
C0015773,felty's syndrome
C0015923,Fetal Alcohol Syndrome
C0015967,Fever
C0015970,Fever of Unknown Origin
C0016034,Breast Fibrocystic Disease
C0016052,Fibromuscular Dysplasia
C0016053,Fibromyalgia
C0016085,Filariasis
C0016142,Firesetting Behavior
C0016167,Anal Fissure
C0016204,Flatulence
C0016382,Flushing
C0016412,Folic Acid Deficiencies
C0016514,Foot-and-Mouth Disease
C0016627,Influenza in Birds
C0016667,Fragile X Syndrome
C0016735,Frontal Sinusitides
C0016807,bowel disorders functional
C0016867,Furunculosis
C0016977,Gall Bladder Diseases
C0017105,clostridial myonecrosis
C0017145,gastric varices
C0017152,Gastric catarrh
C0017154,AG - Atrophic gastritis
C0017155,Hypertrophic Gastritis
C0017160,Gastroenteritis
C0017168,Gastroesophageal reflux disease
C0017205,Gaucher Disease
C0017250,disorder gender identity
C0017327,ATHEROSCLEROSIS GENERALIZED
C0017495,Gerstmann-Straussler-Scheinker Disease
C0017531,Angiolymphoid hyperplasia
C0017536,Giardiasis
C0017551,Gilbert Disease (disorder)
C0017572,gingival recession
C0017574,Gingival inflammation
C0017575,Necrotizing Ulcerative Gingivitis
C0017589,Glanders
C0017601,Glaucoma
C0017612,Open-Angle Glaucoma
C0017614,Suspect Glaucomas
C0017658,Glomerulonephritis
C0017665,Membranous glomerulonephritis
C0017672,Glossalgia
C0017675,Glossitis
C0017677,Benign Migratory Glossitis
C0017919,disease glycogen storage
C0017921,Glycogen storage disease type II
C0017980,Renal Glycosuria
C0018081,Gonorrhea
C0018099,Gout
C0018133,Graft-vs-Host Disease
C0018203,Chronic granulomatous disease
C0018213,Graves Disease
C0018378,Guillain-Barre Syndrome
C0018418,Gynecomastia
C0018520,Halitosis
C0018524,Hallucinations
C0018572,disease foot hand mouth
C0018621,Hay fever
C0018681,Headache
C0018777,Conductive hearing loss
C0018780,frequencies hearing high loss
C0018784,Sensorineural Hearing Loss (disorder)
C0018789,Heart Aneurysm
C0018790,Cardiac Arrest
C0018794,Heart Block
C0018799,Heart Diseases
C0018801,Heart failure
C0018802,Congestive heart failure
C0018834,Heartburn
C0018889,Helminthiasis
C0018934,Haematocolpos
C0018939,Hematological Disease
C0018949,Haematomyelia
C0018965,Hematuria
C0018991,hemiplegia
C0018995,Hemochromatosis
C0019034,Hemoglobin SC Disease
C0019045,diseases hemoglobin
C0019061,Hemolytic-Uremic Syndrome
C0019069,Hemophilia A
C0019077,haemopneumothorax
C0019079,blood coughed
C0019087,Hemorrhagic Disorders
C0019088,Hemorrhagic Disease of Newborn
C0019097,AHF - Argentinian haemorrhagic fever
C0019099,CCHF
C0019101,epidemic haemorrhagic fever
C0019104,fever hemorrhagic
C0019112,Hemorrhoids
C0019147,Hepatic Coma
C0019151,Hepatic Encephalopathy
C0019154,Hepatic Vein Thrombosis
C0019156,Hepatic Veno-Occlusive Disease
C0019158,Hepatitis
C0019159,Hepatitis A
C0019163,Hepatitis B
C0019187,AH - Alcoholic hepatitis
C0019189,CH - Chronic hepatitis
C0019196,Hepatitis C
C0019202,Hepatolenticular Degeneration
C0019212,Hepatorenal Syndrome
C0019214,Enlarged liver and spleen
C0019295,direct hernia
C0019296,external inguinal hernia
C0019310,hernia obturator
C0019311,Paraumbilical hernia
C0019319,hernia scrotal
C0019322,Umbilical hernia
C0019345,Fever Blister
C0019348,Herpes Simplex Infections
C0019360,Herpes zoster disease
C0019364,Ocular Herpes Zoster
C0019559,Arthralgia (hip)
C0019562,Von Hippel-Lindau Syndrome
C0019569,Hirschsprung Disease
C0019625,Sinus histiocytosis
C0019655,Histoplasmosis
C0019681,disorder histrionic personality
C0019693,HIV Infections
C0019825,Hoarseness
C0019880,Homocystinuria
C0019917,Hordeolum
C0019937,Horner Syndrome
C0020192,Hyaline Membrane Disease
C0020255,Hydrocephalus
C0020258,Normal Pressure Hydrocephalus
C0020295,hydronephroses
C0020305,Hydrops Fetalis
C0020312,effusion pleural transudates
C0020428,Hyperaldosteronism
C0020437,CALCIUM BLOOD INCREASED
C0020438,Elevated urine calcium levels
C0020445,Familial Hypercholesterolemia
C0020450,Hyperemesis Gravidarum
C0020453,[D]Hyperaesthesia
C0020456,Hyperglycemia
C0020459,Hyperinsulinism
C0020473,Hyperlipidemia
C0020474,Familial Combined Hyperlipidemia
C0020480,Hyperlipoproteinemia Type IV
C0020488,Hypernatremia
C0020490,farsighted
C0020492,Bone Hypertrophies
C0020498,Vertebral Ankylosing Hyperostoses
C0020500,High urine oxalate levels
C0020502,Elevated blood parathyroid hormone level
C0020514,Hyperprolactinemia
C0020532,Big spleen syndrome
C0020538,Hypertensive disease
C0020541,hypertension portal
C0020545,Hypertension due to renal artery hyperplasia
C0020550,Hyperthyroidism
C0020575,Hypertropia
C0020595,Hypoaldosteronism
C0020598,Hypocalcemia
C0020615,Hypoglycemia
C0020617,Hypoglycemic coma
C0020624,Hypomenorrhea
C0020625,Hyponatremia
C0020626,Hypoparathyroidism
C0020630,Hypophosphatasia
C0020635,Hypopituitarism
C0020641,Hypopyon
C0020651,Orthostatic Hypotension
C0020676,Hypothyroidism
C0020796,Profound Mental Retardation
C0020807,Idiopathic pulmonary hemosiderosis
C0020877,ileitis
C0021051,Immunologic Deficiency Syndromes
C0021053,Immune System Diseases
C0021099,impetigo
C0021100,Bullous impetigo
C0021122,"Impulse Control, and Conduct Disorders Disruptive"
C0021141,ADH INAPPROPRIATE
C0021171,Bloch Sulzberger syndrome
C0021313,Infection of kidney
C0021342,Infectious enteritis
C0021345,Infectious Mononucleosis
C0021400,Influenza
C0021449,Inhalant Abuse
C0021775,Intermittent Claudication
C0021776,Intermittent Explosive Disorders
C0021807,Eczema intertrigo
C0021828,Intestinal Atresia
C0021831,Intestinal Diseases
C0021832,Parasitic Intestinal Disease
C0021843,Intestinal Obstruction
C0021933,bowel intussusception
C0022104,Irritable Bowel Syndrome
C0022346,Icterus
C0022350,Chronic Idiopathic Jaundice
C0022353,Neonatal Jaundice
C0022408,Arthropathy
C0022568,corneal inflammation
C0022578,Bulging cornea
C0022595,Keratosis Follicularis
C0022596,Palmoplantar Keratosis
C0022610,BILIRUBIN ENCEPH
C0022650,Kidney Calculi
C0022656,Cortical necrosis
C0022658,Kidney Diseases
C0022660,Acute Kidney Failure
C0022661,Chronic Kidney Failure
C0022672,Acute Kidney Tubular Necrosis
C0022680,Polycystic Kidney Diseases
C0022681,Medullary sponge kidney
C0022734,kleptomania
C0022735,Klinefelter Syndrome
C0022739,Klippel-Trenaunay-Weber Syndrome
C0022806,Deposed child syndrome
C0022893,Labyrinthitis
C0022951,Lactose Intolerance
C0022972,Lambert-Eaton Myasthenic Syndrome
C0023015,Language Disorders
C0023051,Laryngeal Diseases
C0023066,laryngeal spasm
C0023075,Laryngostenosis
C0023182,Cerebrospinal fluid leak
C0023186,Academic skill disorder
C0023211,Left Bundle-Branch Block
C0023212,Left-Sided Heart Failure
C0023222,Pain in lower limb
C0023234,Legg-Calve-Perthes Disease
C0023241,Legionnaires' Disease
C0023281,Leishmaniasis
C0023283,Cutaneous Leishmaniases
C0023290,azar kala
C0023316,Lens subluxation
C0023321,Lentigo
C0023343,Leprosy
C0023355,leptomeningitis
C0023364,Leptospirosis
C0023370,Leriche Syndrome
C0023374,Lesch-Nyhan Syndrome
C0023380,Lethargy
C0023501,Leukaemoid reaction
C0023518,Leukocytosis
C0023521,Globoid cell leukodystrophy
C0023524,Progressive Multifocal Leukoencephalopathy
C0023529,Periventricular Leukomalacia
C0023530,Leukopenia
C0023533,Discharge - leukorrhea
C0023646,Lichen Planus
C0023652,atrophicus lichens sclerosis
C0023787,Lipodystrophy
C0023788,disease whipple
C0023801,Lipomatosis
C0023860,Listeriosis
C0023882,Little's Disease
C0023885,abscessed liver
C0023886,"Amebic, Hepatic Abscess"
C0023890,Liver Cirrhosis
C0023891,Alcoholic Liver Cirrhosis
C0023892,Biliary cirrhosis
C0023895,Liver diseases
C0023896,Alcoholic Liver Diseases
C0023944,Locked-In Syndrome
C0023976,Long QT Syndrome
C0024003,Lordosis
C0024031,Low Back Pain
C0024110,Lung Abscess
C0024115,Lung diseases
C0024117,Chronic Obstructive Airway Disease
C0024138,Discoid Lupus Erythematosus
C0024141,Systemic Lupus Erythematosus
C0024198,Lyme Disease
C0024205,Lymphadenitis
C0024214,Lymphangiectases
C0024225,inflammation lymphatic
C0024266,Lymphocytic Choriomeningitis
C0024286,CLIMATIC BUBO
C0024291,Hemophagocytic Lymphohistiocytosis
C0024312,Lymphopenia
C0024421,Macroglossia
C0024437,Macular degeneration
C0024449,Mycetoma
C0024473,Magnesium Deficiencies
C0024517,Depress psychosis-unspec
C0024523,Malabsorption Syndrome
C0024528,[D]Malaise and fatigue
C0024530,Malaria
C0024534,cerebral malaria
C0024535,falciparum malaria
C0024586,Malignant Carcinoid Syndrome
C0024591,Malignant hyperpyrexia due to anesthesia
C0024633,esophagus tear
C0024776,Maple Syrup Urine Disease
C0024790,Paroxysmal nocturnal hemoglobinuria
C0024796,Marfan Syndrome
C0024894,Mastitis
C0024899,Mastocytosis
C0024902,Mastodynia
C0024904,Mastoiditis
C0024959,Maxillary Sinusitis
C0025007,Measles
C0025048,Meconium Aspiration Syndrome
C0025062,Mediastinal Emphysema
C0025064,Mediastinum Inflammation
C0025162,Acute megacolon
C0025281,Meniere Disease
C0025287,Meningism
C0025289,meningitides
C0025290,Aseptic Meningitis
C0025294,Meningococcal meningitis
C0025295,Streptococcus pneumoniae Meningitides
C0025297,Viral meningitis
C0025303,Meningococcal Infections
C0025306,meningococcaemia
C0025309,Meningoencephalitis
C0025322,Premature Menopause
C0025362,Mental Retardation
C0025469,Acute non-specific ileocaecal mesenteric adenitis
C0025470,Mesenteric Lipodystrophy
C0025517,Metabolic Disease
C0025637,Methemoglobinemia
C0026103,Mikulicz Disease
C0026106,Mild Mental Retardation
C0026113,Miliaria
C0026205,Miosis disorder
C0026267,Mitral Valve Prolapse Syndrome
C0026272,Mixed Connective Tissue Disease
C0026351,imbecile
C0026393,Molluscum Contagiosum
C0026603,Motion Sickness
C0026654,Moyamoya Disease
C0026686,Mucocele of salivary gland
C0026691,Mucocutaneous Lymph Node Syndrome
C0026703,Mucopolysaccharidoses
C0026718,Mucormycosis
C0026769,Multiple Sclerosis
C0026773,disorder dissociative identity
C0026780,Mumps
C0026785,Munchausen Syndrome
C0026847,Spinal Muscular Atrophy
C0026848,Myopathy
C0026850,Muscular Dystrophy
C0026896,Myasthenia Gravis
C0026918,Mycobacterium Infections
C0026919,atypical infections mycobacterial
C0026936,Mycoplasma Infections
C0026946,Mycoses
C0026961,Mydriasis
C0027051,Myocardial Infarction
C0027059,Myocarditis
C0027066,Disorder characterised by myoclonus
C0027092,Myopia
C0027121,Myositis
C0027126,Myotonic Dystrophy
C0027134,EARDRUM INFLAMMATION
C0027145,Hypothyroidism/myxedema
C0027339,Nail Diseases
C0027402,narcissistic personalities
C0027404,excessive uncontrollable daytime sleepiness
C0027424,Nasal congestion (finding)
C0027430,cavity nasal polyps
C0027441,Nasopharyngitides
C0027497,Nausea
C0027498,Nausea and vomiting
C0027583,Nematode infections
C0027609,Neonatal Abstinence Syndrome
C0027662,Multiple Endocrine Neoplasia
C0027697,Nephritis
C0027719,Arteriosclerosis of kidney
C0027721,Lipoid nephrosis
C0027726,Nephrotic Syndrome
C0027765,nervous system disorder
C0027769,Nervousness
C0027773,Nesidioblastosis
C0027804,Neurasthenia
C0027849,Neuroleptic Malignant Syndrome
C0027868,Combined disorder of muscle AND peripheral nerve
C0027873,DEVIC DIS
C0027888,Hereditary Motor and Sensory Neuropathies
C0027927,Neurosyphilis
C0027932,Neurotic Disorders
C0027947,Neutropenia
C0028043,addiction nicotine
C0028081,Night sweats
C0028084,Nightmares
C0028242,Nocardia Infection
C0028271,Acute gangrenous stomatitis
C0028734,[D]Nocturia
C0028738,Nystagmus
C0028754,Obesity
C0028768,Obsessive-Compulsive Disorder
C0028840,hypertension ocular
C0028841,decreased intraocular pressure
C0028860,Oculocerebrorenal Syndrome
C0028866,Oculomotor Nerve Paralysis
C0028962,[D]Oliguria and anuria
C0029001,Onchocerciasis
C0029076,Ophthalmia Neonatorum
C0029095,Opioid abuse
C0029104,narcotics withdrawal
C0029106,Cat liver fluke infection
C0029121,defiant disorder oppositional
C0029124,Optic Atrophy
C0029128,drusen nerve optic
C0029134,Optic Neuritides
C0029191,Inflammation of testicles
C0029221,Organic brain syndrome
C0029232,organic affective disorder
C0029233,disorders organic personality
C0029291,Psittacosis
C0029401,Osteitis Deformans
C0029408,Degenerative polyarthritis
C0029410,Osteoarthritis of hip
C0029412,Secondary Hypertrophic Osteoarthropathy
C0029420,Osteochondritis
C0029421,Osteochondritis Dissecans
C0029434,Osteogenesis Imperfecta
C0029443,Osteomyelitis
C0029454,Osteopetrosis
C0029456,Osteoporosis
C0029464,Osteosclerosis
C0029531,Other cataract
C0029537,Other chest pain
C0029539,Other cholecystitis
C0029582,Other respiratory system diseases
C0029632,Other hemoglobinopathies
C0029713,Other preterm infants
C0029746,site unspecified Other specified disorders of joint
C0029878,Otitis Externa
C0029882,Otitis Media
C0029883,Otitis Media with Effusion
C0029899,Otosclerosis
C0029927,Ovarian Cysts
C0030167,pachymeningitides
C0030193,Pain
C0030196,Pain in limb
C0030201,pain post op
C0030214,myoclonus palatal
C0030283,cyst of pancreas
C0030286,Pancreatic Diseases
C0030299,"CYST, FALSE PANCREAS"
C0030305,Pancreatitis
C0030312,Pancytopenia
C0030319,Panic Disorder
C0030326,Panniculitis
C0030343,Diffuse uveitis
C0030353,Papilledema
C0030372,PAPPATACI FEVER
C0030409,Paracoccidioidomycosis
C0030442,Progressive bulbar palsy
C0030443,Familial Periodic Paralysis
C0030446,Paralytic Ileus
C0030477,disorder paranoid personality
C0030481,Tropical Spastic Paraparesis
C0030483,Paraphimoses
C0030486,extremities lower paralysis
C0030491,Parapsoriasis
C0030508,Parasomnia
C0030517,Parathyroid Diseases
C0030567,Parkinson Disease
C0030568,Postencephalitic Economo-Type Parkinsonism
C0030569,Secondary Parkinson Disease
C0030578,Paronychia Inflammation
C0030583,Parotitis
C0030584,fimbrial Cyst
C0030631,aggressive passive personality
C0030636,Pasteurella Infections
C0030662,Pathological Gambling
C0030756,Lice Infestations
C0030783,Pellagra
C0030805,Bullous pemphigoid
C0030807,Pemphigus
C0030809,Pemphigus Vulgaris
C0030848,Peyronie Disease
C0030920,Peptic Ulcer
C0031019,Perianal abscess
C0031036,Polyarteritis Nodosa
C0031037,Periarthritides
C0031049,Tuberculous Pericarditides
C0031069,Familial Mediterranean Fever
C0031085,Periodontal Abscess
C0031099,Periodontitis
C0031142,Disease of peritoneum
C0031157,Peritonsillar Abscess
C0031190,Persistent Fetal Circulation Syndrome
C0031212,character disorder
C0031256,Petechiae
C0031269,Peutz-Jeghers Syndrome
C0031315,Phantom Limb Syndrome
C0031572,anxiety disorder social
C0031880,CARDIOPULMONARY OBESITY SYNDROME
C0031946,Pinta
C0032002,Pituitary Diseases
C0032026,Pityriasis Rosea
C0032027,Pityriasis Rubra Pilaris
C0032064,Plague
C0032227,Pleural effusion disorder
C0032231,Pleurisy
C0032273,Pneumoconiosis
C0032285,Pneumonia
C0032290,Aspiration Pneumonia
C0032298,Exogenous lipoid pneumonia
C0032300,Lobar Pneumonia
C0032302,Mycoplasma pneumonia
C0032308,Staphylococcal Pneumonia
C0032310,Chest infection - viral pneumonia
C0032326,Pneumothorax
C0032371,Poliomyelitis
C0032453,Relapsing Polychondritis
C0032460,Polycystic Ovary Syndrome
C0032461,Polycythemia
C0032533,Polymyalgia Rheumatica
C0032617,Polyuria
C0032708,Disorders of Porphyrin Metabolism
C0032763,Postgastrectomy Syndromes
C0032768,Postherpetic neuralgia
C0032781,Posterior rhinorrhea
C0032805,pericardiotomy post syndrome
C0032807,Postphlebitic Syndrome
C0032897,Prader-Willi Syndrome
C0032915,Preexcitation Syndrome
C0033036,Atrial Premature Complexes
C0033038,Ejaculates too soon
C0033075,presbyopia
C0033117,chronic erection
C0033246,Proctitis
C0033575,Prostatic Diseases
C0033581,prostatitis
C0033740,INFECTION PROTOZOAL
C0033770,Prune Belly Syndrome
C0033771,Prurigo
C0033775,anal itch
C0033806,Pseudohypoparathyroidism
C0033845,Pseudotumor Cerebri
C0033860,psoriases
C0033893,Tension Headache
C0033936,alcoholic psychoses
C0033975,Psychotic Disorders
C0033999,Pterygium
C0034050,Pulmonary Alveolar Proteinosis
C0034063,Pulmonary Edema
C0034065,Pulmonary Embolism
C0034067,Pulmonary Emphysema
C0034072,Cor pulmonale
C0034087,Pulmonary valve disease
C0034150,Purpura
C0034152,Henoch-Schoenlein Purpura
C0034155,Thrombotic Thrombocytopenic Purpura
C0034183,pyelitis
C0034186,Pyelonephritis
C0034192,Phlebitis of portal vein
C0034212,purulent Dermatitis
C0034215,pyometra
C0034216,Infected Hydronephrosis
C0034220,pyosalpingitis
C0034362,Q Fever
C0034372,Quadriplegia
C0034544,Radiculitis
C0034734,Raynaud Disease
C0034735,Raynaud Phenomenon
C0034880,Hyperacusis
C0034888,Rectal Prolapse
C0034931,Reflex Sympathetic Dystrophy
C0034933,abnormal reflex
C0034951,Refractive Errors
C0035012,Reiter Syndrome
C0035021,Relapsing Fever
C0035066,Renal Artery Obstruction
C0035078,Kidney Failure
C0035085,infarction kidney
C0035086,Renal Osteodystrophy
C0035204,Respiration Disorders
C0035220,Newborn Respiratory Distress Syndrome
C0035222,Adult Respiratory Distress Syndrome
C0035258,Restless Legs Syndrome
C0035305,Retinal Detachment
C0035309,Retinal Diseases
C0035326,Retinal vasc. occlusion
C0035333,retinitis
C0035334,Retinitis Pigmentosa
C0035344,Retinopathy of Prematurity
C0035372,Rett Syndrome
C0035435,Rheumatism
C0035436,Rheumatic Fever
C0035439,Rheumatic Heart Disease
C0035460,Vasomotor Rhinitides
C0035466,Rhinophyma
C0035528,ariboflavinosis
C0035579,Rickets
C0035585,Disease caused by Genus Rickettsia
C0035854,Rosacea
C0035920,Rubella
C0035921,Congenital Rubella Syndrome
C0036091,Sialolithiasis
C0036117,Salmonella infections
C0036202,Sarcoidosis
C0036203,cutaneous sarcoid
C0036205,lung sarcoid
C0036285,Scarlet Fever
C0036323,Schistosomiasis
C0036337,Schizoaffective Disorder
C0036339,disorder personality schizoid
C0036341,Schizophrenia
C0036343,Borderline schizophrenia
C0036344,catatonic schizophrenia
C0036349,Paranoid Schizophrenia
C0036358,Schizophreniform Disorder
C0036363,disorder personality schizotypal
C0036396,Sciatica
C0036416,Inflammation of the outer white part of the eye
C0036420,Localized scleroderma
C0036421,Systemic Scleroderma
C0036474,Scurvy
C0036494,mal de mer
C0036508,Seborrheic dermatitis
C0036685,gram negative sepsis
C0036689,EPIDEMIC SORE THROAT
C0036690,Septicemia
C0036830,Serum Sickness
C0036857,Early and severe mental retardation
C0036903,Sexual Aversion Disorders
C0036916,Sexually Transmitted Diseases
C0036939,Shared Paranoid Disorder
C0036992,Acquired short bowel syndrome
C0037011,Shoulder Pain
C0037023,Sialadenitis
C0037036,Sialorrhea
C0037052,Sick Sinus Syndrome
C0037054,Sickle Cell Trait
C0037061,Siderosis
C0037074,sigmoiditis
C0037116,Silicosis
C0037188,Sinoatrial Block
C0037199,Sinusitis
C0037278,Infectious Skin Diseases
C0037299,Skin Ulcer
C0037315,Sleep Apnea Syndromes
C0037320,Night Terrors
C0037383,[D]Sneezing
C0037384,Snoring
C0037650,Somatoform Disorder
C0037672,Somnambulism
C0037763,Spasm
C0037772,Spastic Paraplegia
C0037773,Hereditary Spastic Paraplegia
C0037856,cord spermatic torsion
C0037859,cyst epididymal
C0037886,Sphenoid Sinusitides
C0037889,Hereditary spherocytosis
C0037926,Compression of spinal cord
C0037928,Spinal Cord Diseases
C0037933,Spinal Diseases
C0037997,Disease of spleen
C0037998,infarcted spleen
C0038012,inflammation of the vertebra
C0038013,Ankylosing spondylitis
C0038016,Spondylolisthesis
C0038018,spondylolyses
C0038019,Spondylosis
C0038041,fever spots
C0038159,Food poisoning caused by staphylococcus
C0038160,Staphylococcal Infections
C0038165,Dermatitis exfoliativa neonatorum
C0038218,Status Asthmaticus
C0038220,Status Epilepticus
C0038325,Stevens-Johnson Syndrome
C0038358,Gastric ulcer
C0038362,Stomatitis
C0038379,Strabismus
C0038395,Streptococcal Infections
C0038436,Post-Traumatic Stress Disorder
C0038450,[D]Stridor
C0038454,Cerebrovascular accident
C0038463,Infection by Strongyloides
C0038506,Stuttering
C0038522,Subacute Sclerosing Panencephalitis
C0038525,Subarachnoid Hemorrhages
C0038565,Subdiaphragmatic Abscesses
C0038644,Sudden infant death syndrome
C0038868,Progressive supranuclear palsy
C0039070,Syncope
C0039128,Great Pox
C0039131,congenital syphilis
C0039133,Latent Stage Syphili
C0039223,Tabes Dorsalis
C0039236,Bouveret-Hoffmann syndrome
C0039240,Supraventricular tachycardia
C0039263,Takayasu Arteritis
C0039292,Tangier Disease
C0039319,Tarsal Tunnel Entrapment Neuropathy
C0039373,Tay-Sachs Disease
C0039445,Hereditary hemorrhagic telangiectasia
C0039494,Temporomandibular Joint Disorders
C0039503,Inflammatory disorder of tendon
C0039516,Tennis Elbow
C0039591,Pain in testicle
C0039614,Tetanus
C0039621,[D]Tetany
C0039730,Hereditary leptocytosis
C0039841,Thiamine Deficiency
C0039984,Thoracic Outlet Syndrome
C0040021,Thromboangiitis Obliterans
C0040028,Essential Thrombocythemia
C0040034,Thrombocytopenia
C0040115,Enlarged thymus
C0040127,crisis thyroid
C0040128,Thyroid Diseases
C0040147,Thyroiditis
C0040149,Subacute thyroiditis
C0040156,Thyrotoxicosis
C0040188,Tic disorder
C0040213,Costal Chondritides
C0040247,Tinea
C0040252,Tinea corporis (disorder)
C0040259,athlete foot
C0040261,Onychomycosis
C0040262,Infection by Malassezia furfur
C0040264,Tinnitus
C0040332,Compulsive tobacco user syndrome
C0040412,Fissured tongue
C0040460,Toothache
C0040485,Torticollis
C0040517,Gilles de la Tourette syndrome
C0040558,Infection by toxoplasma gondii
C0040560,CONGEN INFECT TOXOPLASMA GONDII
C0040561,Ocular Toxoplasmosis
C0040580,Tracheal Diseases
C0040586,with tracheitis NOS Bronchitis NOS
C0040592,Trachoma
C0040822,Tremor
C0040830,Bartonella quintana Infection
C0040921,Trichomonas Infections
C0040953,Trichotillomania
C0040963,Tricuspid Valve Stenosis
C0040997,Trigeminal Neuralgia
C0041234,Chagas Disease
C0041296,Tuberculosis
C0041318,Meningeal Tuberculosis
C0041321,miliary tb
C0041324,Osteoarticular Tuberculosis
C0041325,peritoneal tuberculosis
C0041326,Pleural Tuberculosis
C0041327,Pulmonary Consumption
C0041330,Spinal Tuberculosis
C0041332,Tuberculosis of other urinary organs
C0041343,abscess tubo-ovarian
C0041351,deerfly fever
C0041364,Tumor Lysis Syndrome
C0041408,Turner Syndrome
C0041466,Typhoid Fever
C0041471,TYPHUS
C0041834,Erythema
C0041912,Upper Respiratory Infections
C0041948,Uremia
C0041974,Narrowing of the urethra
C0042021,Urinary Fistulas
C0042025,Urinary Stress Incontinence
C0042029,Urinary tract infection
C0042075,Urologic Diseases
C0042109,Urticaria
C0042131,Uterine Diseases
C0042164,Uveitis
C0042170,Uveomeningoencephalitic Syndrome
C0042341,scrotal varices
C0042345,Varicosity
C0042420,Vasovagal syncope
C0042510,Ventricular Fibrillation
C0042514,Ventricular Tachycardia
C0042548,Plantar wart
C0042568,basilar vertebral insufficiency
C0042571,Vertigo
C0042580,reflux vesicoureteral
C0042582,Vesicovaginal Fistulae
C0042588,seminal vesiculitis
C0042708,Viral enteritis
C0042721,Viral hepatitis
C0042749,[D]Unspecified viraemia
C0042769,Virus Diseases
C0042798,Low Vision
C0042842,deficiencies disease vitamins
C0042847,b12 deficiency disease vitamin
C0042850,b complex deficiencies vitamin
C0042870,Vitamin D Deficiency
C0042880,Vitamin K Deficiency
C0042900,Vitiligo
C0042907,Vitreous Detachment
C0042961,bowel torsion
C0042963,Vomiting
C0042974,von Willebrand Disease
C0042996,Vulvitides
C0042998,Vulvovaginitis
C0043019,Dorsolateral Medullary Syndrome
C0043037,Common wart
C0043046,Wasting Syndrome
C0043121,Wernicke Encephalopathy
C0043144,Wheezing
C0043154,dental white spot
C0043167,Pertussis
C0043194,Wiskott-Aldrich Syndrome
C0043202,Wolff-Parkinson-White Syndrome
C0043345,xeroderma
C0043349,Xerophthalmia
C0043388,Yaws
C0043395,Yellow Fever
C0043459,Zellweger Syndrome
C0043515,Zollinger-Ellison syndrome
C0043541,Zygomycosis
C0078981,Arachnoidal cyst
C0079154,Congenital Nonbullous Ichthyosiform Erythroderma
C0079584,Ichthyosis Vulgaris
C0080032,effusion malignant
C0080040,Postpoliomyelitis Muscular Atrophies
C0080151,Simian AIDS
C0085074,Granuloma Annulare
C0085077,Sweet Syndrome
C0085082,fungaemia
C0085084,degenerative motor system disease
C0085096,Peripheral Vascular Diseases
C0085106,Familial benign pemphigus
C0085207,Gestational Diabetes
C0085215,Premature Ovarian Failure
C0085220,Cerebral Amyloid Angiopathy
C0085222,Psoas Abscess
C0085253,Adult-Onset Still Disease
C0085270,Orbital Pseudotumor
C0085273,Erythema Infectiosum
C0085278,Antiphospholipid Syndrome
C0085292,Stiff-Person Syndrome
C0085315,Cerebral Toxoplasmosis
C0085399,Ehrlichia Infection
C0085407,Infection by Cnidospora
C0085409,Autoimmune Polyendocrinopathies
C0085413,ADPK
C0085435,Reactive Arthritis
C0085436,Cryptococcal Meningitides
C0085437,bacterial meningitides
C0085438,Fungal Meningitides
C0085543,Epilepsia Partialis Continua
C0085548,Autosomal Recessive Polycystic Kidney Disease
C0085574,Palindromic rheumatism
C0085578,"HEMOLYTIC, THALASSEMIA MINOR ANEMIA"
C0085580,Essential Hypertension
C0085582,Retrobulbar Neuritis
C0085584,Encephalopathies
C0085593,Chills
C0085594,chill fever
C0085602,Polydipsia
C0085605,Liver Failure
C0085606,Urgency of micturition
C0085614,First degree atrioventricular block
C0085615,Right bundle branch block
C0085622,monoplegia
C0085628,Stupor
C0085633,Mood swings
C0085636,Does not like light
C0085648,Synovial Cyst
C0085650,fulminans purpura
C0085652,gangrenosum pyoderma
C0085655,Polymyositis
C0085656,NUMMULAR DERMATITIS
C0085661,Detachment of nail
C0085662,Macrocytosis
C0085663,Plasmacytosis
C0085677,alcoholic neuritis
C0085679,chloride increased levels
C0085693,Acute appendicitis NOS (disorder)
C0085694,cholecystitis chronic
C0085695,CG - Chronic gastritis
C0085696,chronic prostatitis
C0085697,chronic pyelonephritis
C0085699,cardiac cirrhosis
C0085700,chondromalacia
C0085762,Alcohol abuse
C0085786,Hamman-Rich syndrome
C0085860,Polyglandular Autoimmune Syndrome Type II
C0085932,bullous dermatitis
C0086227,Enterobiasis
C0086438,Hypogammaglobulinemia
C0086523,Laryngeal Paralyses
C0086588,Marasmus
C0086647,Mucopolysaccharidosis Type IIIA
C0086769,Panic Attack
C0086981,Sicca Syndrome
C0087031,Juvenile-Onset Still Disease
C0149506,Chronic dacryocystitis
C0149507,Orbital Cellulitides
C0149512,NOS Acute infection of nasal sinus
C0149514,Acute bronchitis
C0149516,Chronic infection of sinus
C0149517,chronic tonsillitis
C0149518,acute gastritis
C0149520,Acute Cholecystitis
C0149521,Chronic Pancreatitis
C0149523,acute cystitis
C0149524,acute prostatitis
C0149525,calculus of prostate
C0149530,Congenital heart block
C0149649,Cholesterol Embolism
C0149654,CONDUCT DIS
C0149720,abuse laxative
C0149741,nipple discharge
C0149754,Cellulitis of periorbital region
C0149756,Plantar Fasciitis
C0149766,bateman's purpura
C0149781,Spontaneous pneumothorax
C0149793,AF - Amaurosis fugax
C0149797,granulomas umbilical
C0149825,Adenoidal enlargement
C0149858,SECONDARY CHOLANGITIS
C0149870,de disease quervain's
C0149871,Deep Vein Thrombosis
C0149881,Epididymo-orchitis
C0149896,acute arthritis gouty
C0149922,Lichen Simplex Chronicus
C0149931,Migraine Disorders
C0149937,acute interstitial nephritis
C0149966,Gonococcal infec pharynx
C0150988,Acroscleroderma
C0151295,mononeuritis multiplex
C0151434,Bicepital tendonitis
C0151451,bottom weavers
C0151467,Addisonian crisis
C0151482,ANAEMIA FOLIC ACID DEFICIENCY
C0151514,Atrophic condition of skin
C0151517,Complete atrioventricular block
C0151620,encephalopathy hypertensive
C0151636,Premature ventricular contractions
C0151659,Intestinal gangrene
C0151693,adrenal haemorrhage
C0151714,Hypermagnesemia
C0151731,hepatic infarction
C0151744,Myocardial Ischemia
C0151747,Renal tubular disorder
C0151773,Bone marrow depression
C0151814,arteries coronary occluded
C0151827,Eye pain
C0151970,Ulcer of esophagus
C0151971,intestinal ulcer
C0152014,Atrophy of pancreas
C0152020,Gastroparesis
C0152025,Polyneuropathy
C0152026,retinal vasculitis
C0152027,Sensory Disorders
C0152032,Urinary hesitation
C0152062,Rat-bite fever due to S. minus
C0152087,Crystal Arthritides
C0152099,Postcholecystectomy synd
C0152101,Hypoplastic Left Heart Syndrome
C0152105,cardiopathy hypertensive
C0152107,Postmyocardial infarction syndrome
C0152110,Meralgia paresthetica
C0152113,Rheumatic Chorea
C0152115,Lingual-Facial-Buccal Dyskinesia
C0152132,Hypertensive Retinopathy
C0152134,Bielschowsky-Lutz-Cogan syndrome
C0152136,Low Tension Glaucoma
C0152164,Cyclical vomiting syndrome (disorder)
C0152169,Acute Renal Colic
C0152171,Idiopathic pulmonary hypertension
C0152173,Ventricular Flutter
C0152177,CRANIAL NERVE V DIS
C0152183,disorder explosive personality
C0152216,Esophoria
C0152217,Exophoria
C0152226,Defective lid closure
C0152227,Excessive tearing
C0152230,Cholinergic angioedema-urticaria
C0152244,Aneurysmal Bone Cysts
C0152250,migrating thrombophlebitis
C0152251,Toxic erythema
C0152255,Pinguecula
C0152263,condensing osteitis
C0152439,retinoschises
C0152443,diverticulum urethral
C0152444,hydromyelia
C0152445,gallbladder hydrops
C0152447,discharge urethra
C0152451,CGN - Chronic glomerulonephritis
C0152452,Fibrosis of pericardium
C0152457,fleischer kayser ring
C0152486,salmonella sepsis
C0152488,Meningitis due to salmonella
C0152516,bacterial enteritis
C0152517,Enteritis caused by specified virus
C0152586,Post-tuberculous bronchiectasis
C0152915,Acute miliary tb-unspec
C0152964,septicemia streptococcal
C0152965,bacteremia staph
C0152966,pneumococcal sepsis
C0153017,Varicella Zoster Encephalitis
C0153062,exanthems viral
C0153064,Western Equine Encephalomyelitis
C0153065,East equine encephalitis
C0153092,Meningitis due to mumps virus
C0153167,Asymptomatic neurosyphilis
C0153188,late syphilis
C0153251,Candidal pneumonia
C0153252,Systemic candidiasis
C0153254,Candidal endocarditis
C0154141,Thyrotoxicosis with toxic single thyroid nodule
C0154143,multinodular toxic goiter
C0154157,Hypothyroidism after surgery
C0154208,Disorder of endocrine ovary
C0154209,estrogen excess
C0154223,Other and unspecified endocrine disorders
C0154241,Nutrition deficiency NEC
C0154246,cycle disorders urea
C0154254,Polyclonal hypergammaglobulinaemia
C0154269,Obesity and other hyperalimentation
C0154286,Iron deficiency anemia secondary to chronic blood loss
C0154298,Acute posthaemorrhagic anaemia
C0154301,Acquired thrombocytopenia
C0154409,"recurrent episode, unspecified Major depressive affective disorder"
C0154412,"recurrent episode, severe, without mention of psychotic behavior Major depressive affective disorder"
C0154437,atypical depression
C0154487,Cocaine dependence in remission
C0154587,adjustment anxious disorder mood
C0154639,streptococcal meningitis
C0154653,Chronic meningitis
C0154682,Lateral Scleroses
C0154693,Flaccid hemiplegia
C0154694,Spastic Hemiplegia
C0154703,arm paralysis
C0154723,Migraine with Aura
C0154724,cerebral cyst
C0154729,atypical face pain
C0154733,Mult cranial nerve palsy
C0154738,lumbosacral radiculopathy
C0154822,Exudative retinal detachment
C0154841,Central retinal vein occlusion
C0154933,Adhesions of iris
C0154946,AACG - Acute angle closure glaucoma
C0155002,acute loss vision
C0155074,Superficial keratitis
C0155077,Filamentary keratitis
C0155111,BK - Bullous keratopathy
C0155141,acute conjunctivitis
C0155145,Chr conjunctivitis NOS
C0155175,abscess of eyelid
C0155210,Eyelid Xanthoma
C0155223,Dacryadenitis
C0155305,AION - Acute ischaemic optic neuropathy
C0155320,blindness cortical
C0155366,Vitreous degeneration
C0155395,externa malignant otitis
C0155421,Chronic non-suppurative otitis media with effusion - serous
C0155447,chronic mastoiditis
C0155461,bullous myringitis
C0155501,peripheral vertigo
C0155503,Central Nervous System Origin Vertigo
C0155550,Neural hearing loss
C0155552,mixed Hearing loss
C0155563,Rheumatic mitral regurgitation
C0155567,Rheumat aortic stenosis
C0155616,hypertension secondary
C0155626,Acute myocardial infarction
C0155668,Old myocardial infarction
C0155675,Pulmonary Arteriovenous Fistulas
C0155679,acute pericarditis
C0155681,Ac idiopath pericarditis
C0155686,acute myocarditis
C0155707,Trifascicular block
C0155733,Atherosclerosis of aorta
C0155734,Atherosclerosis of renal artery
C0155760,arterial rupture
C0155765,Disease of capillaries
C0155773,Blood clot in portal vein
C0155778,extremities lower varicose vein
C0155789,Bleeding esophageal varices
C0155795,pelvic varices
C0155800,Chronic hypotension
C0155804,Ac maxillary sinusitis
C0155814,acute epiglottitis
C0155825,Chronic pharyngitis
C0155827,Chronic pansinusitis
C0155833,Hyperplasia of adenoids
C0155836,chronic laryngitis
C0155840,Hypertrophy of nasal turbinates
C0155842,Abscess of lateral pharyngeal space
C0155852,Other diseases of vocal cords
C0155858,Chest infection - other bacterial pneumonia
C0155860,Pneumonia caused by Pseudomonas
C0155862,Streptococcal pneumonia
C0155870,Influenzal pneumonia
C0155874,bronchitis chronic emphysema
C0155877,Allergic asthma
C0155880,Intrinsic asthma
C0155883,Chronic obstructive asthma
C0155907,Spontaneous tension pneumothorax
C0155909,Abscess of mediastinum
C0155919,Acute edema of lung
C0155937,Acute gingival inflammation
C0155943,Arthralgia of temporomandibular joint
C0155957,abscessed glands salivary
C0155964,atrophic glossitis
C0156076,alcoholic gastritis
C0156147,Crohn's disease of large bowel
C0156156,gallstone ileus
C0156173,functional diarrhea
C0156194,Other disorders of liver
C0156195,Chronic passive congestion of liver
C0156214,Obstruction of gallbladder
C0156217,Other biliary tract disease
C0156218,Bile Duct Perforation
C0156221,Acute exudative glomerulonephritis
C0156259,hypertrophy of kidney
C0156270,IRRADIATION CYSTITIS
C0156271,Other bladder disorders
C0156272,enterovesical fistula
C0156278,Urethral abscess
C0156279,syndrome urethral
C0156290,Abscess of prostate
C0156296,Atrophic prostate
C0156300,Infected hydrocele
C0156312,atrophic testicle
C0156318,Breast Fibrosclerosis
C0156339,Ulceration of vulva
C0156394,clitoral enlargement
C0156678,Eclampsia in puerperium
C0157721,Benign mucous membrane pemphigoid with ocular involvement
C0157738,Chronic skin ulcer
C0157741,Idiopathic angioedema-urticaria
C0157749,Arthropathy associated with infection
C0157987,Allerg arthritis-unspec
C0158168,Villonodular synovitis
C0158252,Intervertebral disc disorder
C0158280,cervical spinal stenosis
C0158288,lumbar region spinal stenosis
C0158322,calcaneal spur
C0158328,Trigger Finger Disorder
C0158353,Infectious Myositides
C0158360,Dupuytren disease of foot
C0158447,Idiopathic osteoporosis
C0158683,Polycystic liver disease
C0158935,congenital pneumonia
C0158940,Transitory tachypnea of newborn
C0158944,Infections specific to perinatal period
C0158945,cmv congenital
C0158995,anemia congenital
C0158996,Anaemia of prematurity
C0159020,Convulsions in newborn
C0159066,Abdmnal rgdt unspcf site
C0159075,chyluria
C0162275,Ketonuria
C0162283,Nephrogenic Diabetes Insipidus
C0162291,ISCHEMIA RETINAL
C0162301,Calculus in urethra
C0162309,Adrenoleukodystrophy
C0162316,Iron deficiency anemia
C0162323,Polyarthritis
C0162423,Miliaria Rubra
C0162429,Malnutrition
C0162529,colitis ischaemic
C0162534,Prion Diseases
C0162539,IgG Deficiency disorder
C0162566,Porphyria Cutanea Tarda
C0162635,Angelman Syndrome
C0162671,MELAS Syndrome
C0162739,Haemolysis-elevated liver enzymes-low platelet count syndrome
C0162820,ACD - Allergic contact dermatitis
C0162823,Irritant Dermatitis
C0162836,Hidradenitis Suppurativa
C0162852,acuta parapsoriasis varioliformis
C0162872,Thoracic Aortic Aneurysm
C0175701,Aarskog syndrome
C0175702,Williams Syndrome
C0175816,Cold Hemagglutinin Disease
C0175999,Post-inflammatory pulmonary fibrosis
C0178238,Intestinal infectious disease (disorder)
C0178273,Other disease of heart
C0178417,anhedonia
C0178419,muscle cramps in the calf
C0178879,Urinary tract obstruction
C0184567,Acute onset pain
C0205707,Sprue
C0205710,Alpers Syndrome (disorder)
C0205858,dementia paralytica
C0205882,infection parvovirus
C0206019,HIV Encephalopathy
C0206042,Fatal Familial Insomnia
C0206061,Interstitial Pneumonia
C0206062,Interstitial Lung Diseases
C0206083,Central Pontine Myelinoclasis
C0206138,CREST Syndrome
C0220704,Shprintzen syndrome
C0220708,VATER Association
C0220870,Lightheadedness
C0220977,African histoplasmosis
C0220983,alkalosis metabolic
C0220994,Elevated Ammonia Level
C0221002,Primary Hyperparathyroidism
C0221007,Ballantyne-Runge syndrome
C0221021,Microangiopathic hemolytic anemia
C0221023,Cyclic neutropenia
C0221033,Trisomy X syndrome
C0221036,acrodermatitis enteropathica
C0221045,HIGH OUTPUT HEART FAILURE
C0221047,Bradycardia-tachycardia syndrome
C0221057,dejerine roussy syndrome
C0221065,Subacute Combined Degeneration
C0221069,Anterior spinal artery occlusion syndrome
C0221074,depression postnatal
C0221151,Projectile vomiting
C0221166,Paraparesis
C0221168,Gout of big toe
C0221227,Centriacinar emphysema
C0221237,Angular cheilitis
C0221239,GLOMERULONEPHRITIS RAPIDLY PROGRESSIVE
C0221244,Seborrheic dermatitis of scalp
C0221260,Dystrophia unguium
C0221262,Patch of white hair
C0221276,Relative erythrocytosis
C0221348,Hereditary lymphedema and yellow nails
C0221367,Broncholith
C0221370,Retraction of nipple
C0221406,Pituitary-dependent Cushing's disease
C0221520,schizophrenia simplex
C0221521,culture shock
C0221757,alpha 1-Antitrypsin Deficiency
C0221777,Nontoxic goiter
C0221785,Arthralgia of wrist
C0231218,Malaise
C0231311,Jet Lag Syndrome
C0231528,Myalgia
C0231749,Knee pain
C0231785,carpopedal spasm
C0232190,Vagal autonomic bradycardia
C0232286,Precordial pain
C0232492,abdomen pain upper
C0232493,Abdmnal pain epigastric
C0232495,ABDOMINAL PAIN LOWER
C0232498,Abdmnal tndr unspcf site
C0232721,bulky stool
C0232861,Discharge from penis
C0232940,amenorrhea secondary
C0232943,Intermenstrual heavy bleeding
C0233407,Disorientation
C0233560,Sibling jealousy
C0233701,acrophobia
C0233728,lisp
C0233762,auditory hallucination
C0233763,[D]Visual hallucinations
C0233795,amnesia anterograde
C0234507,anosognosia
C0234511,Body-Image Agnosia
C0234512,Prosopagnosia
C0234664,eyelid lag
C0234665,eyelid retraction
C0234972,Convulsive disorder
C0235046,Paraesthesia of skin
C0235050,Tingling of skin
C0235068,Flittering scotoma
C0235238,ACCOMMODATION PARALYSIS
C0235245,psychogenic syncope
C0235299,Abdmnal pain rt upr quad
C0235347,Black hairy tongue
C0235351,Ulcer on tongue
C0235480,Paroxysmal atrial fibrillation
C0235522,Disease of vein
C0235527,Right-Sided Heart Failure
C0235604,Qualitative platelet deficiency
C0235820,encephalopathy neonatal
C0235833,Congenital diaphragmatic hernia
C0235963,Nasal mucositis (ulcer)
C0236000,Jaw pain
C0236078,Pain in scrotum
C0236642,Pick Disease of the Brain
C0236748,Anxiety disorder due to a general medical condition
C0236788,Bipolar 2 disorder
C0236792,Asperger Syndrome
C0236795,Dissociative Amnesia
C0236800,agoraphobia disorder panic
C0236801,Isolated phobia
C0236816,Acute crisis reaction
C0236818,Selective Mutism
C0237010,cysts ovarian simple
C0237961,Abscess - periurethral
C0237962,RETROPERITONEAL ABSCESS
C0237987,Glucose-6-phosphate dehydrogenase deficiency anemia
C0238015,autonomic dysreflexia
C0238065,Secondary Biliary Cirrhosis
C0238067,CC - Collagenous colitis
C0238074,Chronic pulmonary heart disease
C0238097,cmv encephalitis
C0238111,Lennox-Gastaut syndrome
C0238124,Necrotizing fasciitis
C0238132,bronchopleural fistula
C0238190,Inclusion Body Myositis (disorder)
C0238281,middle cerebral artery syndrome
C0238288,Facioscapulohumeral Muscular Dystrophy
C0238298,Hypothyroid coma
C0238304,chronic interstitial nephritis
C0238358,Hypokalemic periodic paralysis
C0238378,Desquamative interstitial pneumonia
C0238419,FOURNIER DIS
C0238425,Hemoglobin SS disease with crisis
C0238469,abscessed tonsils
C0238502,Prolapse of urethra
C0238551,Abdmnal pain lt lwr quad
C0238552,Abdmnal pain lft up quad
C0238738,back muscle spasm
C0238990,Acute lower respiratory tract infection
C0239233,early satiety
C0239266,elbow pain
C0239295,candida esophagitis
C0239377,Arm Pain
C0239667,forearm pain
C0239946,Liver Fibroses
C0240066,Iron deficiency
C0240111,arthritis knee
C0240444,Pachyonychia
C0240698,penile ulcer
C0240708,Calcification of pericardium
C0240903,Rheumatoid Vasculitides
C0241039,left pain shoulder
C0241040,painful rt shoulder
C0241075,[D]Induration of skin
C0241374,meralgia
C0241423,Atrophy of the tongue
C0241426,Burning tongue
C0241705,Difficulty passing urine
C0241910,Autoimmune chronic active hepatitis
C0242172,Pelvic Inflammatory Disease
C0242225,Color blindness
C0242301,furuncle
C0242342,Sheehan Syndrome
C0242343,Panhypopituitarism
C0242381,arthritis disease lymes
C0242383,Age related macular degeneration
C0242420,Retinal Edema
C0242429,Sore Throat
C0242459,acute eosinophilic pneumonia
C0242490,enthesopathies
C0242520,Chronic thyroiditis
C0242644,browns disease sequard's
C0242666,Protein S Deficiencies
C0242669,Placental Retention
C0242670,chronic vegetative state
C0242770,Bronchiolitis Obliterans Organizing Pneumonia
C0242855,Congenital atresia of pulmonary valve
C0242966,Systemic Inflammatory Response Syndrome
C0242994,Hantavirus Infections
C0243010,Viral Encephalitis
C0262399,shoulder bursitis
C0262428,Collagen-vascular disease
C0262494,gangrenous cholecystitis
C0262666,Abscess of vulva
C0262988,cutaneous vasculitis
C0263006,Perifollicular inflammation
C0263056,Boil - face
C0263132,Cellulitis of finger
C0263134,cellulitis of toe
C0263136,Cellulitis of face
C0263143,Cellulitis of neck
C0263144,Cellulitis of trunk
C0263145,abdominal cellulitis wall
C0263147,Cellulitis of chest wall
C0263149,Cellulitis of groin
C0263158,Cellulitis of buttock
C0263167,Cellulitis of scalp
C0263233,Cradle cap
C0263236,Autoeczematisation
C0263313,Pemphigus Foliaceus
C0263324,Erythema toxicum neonatorum
C0263338,chronic urticaria
C0263353,Prurigo nodularis
C0263382,Acquired hyperkeratosis follicularis in cutem penetrans
C0263437,acne infantile
C0263449,Perioral Dermatitis
C0263465,Asteatosis cutis
C0263504,alopecia capitis totalis
C0263505,Alopecia universalis
C0263537,Onychogryposis
C0263538,Clubbing of nail
C0263630,unspecified Hypertrophic disorder of skin
C0263853,spondylitic myelopathy
C0263907,Capsulitides
C0263912,Rotator cuff syndrome
C0263933,Achilles tendinitis
C0263936,Peroneal tendinitis
C0263962,Olecranon bursitis
C0263978,Disorder of soft tissue
C0264005,Eosinophilic Fasciitis
C0264009,Osteodystrophy
C0264220,Chronic disease of respiratory system
C0264222,Acute upper respiratory infection
C0264227,Acute pansinusitis
C0264265,Nasal necrosis
C0264267,nasal ulcer
C0264312,Granuloma of vocal cords
C0264315,edema glottic
C0264350,Bronchial calcification
C0264372,Bronchiolectasis
C0264383,Organised pneumonia
C0264393,Alveolar emphysema of lung
C0264408,asthma childhood
C0264411,Hay fever with asthma
C0264490,Acute respiratory failure
C0264491,Acute and chronic respiratory failure
C0264492,Chronic respiratory fail
C0264511,Lymphoid interstitial pneumonia
C0264518,Chronic pulmonary edema
C0264523,calcification lung
C0264545,Thickening of pleura
C0264556,Acute pneumothorax
C0264557,Chronic pneumothorax
C0264573,fibrosing mediastinitis
C0264652,Hypertensive heart failure
C0264686,Coronary artery embolism
C0264688,Coronary artery rupture
C0264694,Chr. ischaemic heart dis. NOS
C0264715,Acute right heart failure
C0264732,cardiac dilatation
C0264765,Rheumatic disease of mitral valve
C0264766,Rheumatic mitral stenosis
C0264769,Rheumatic aortic valve disease
C0264776,Rheumatic tricuspid valve disease
C0264797,Dilated cardiomyopathy secondary to viral myocarditis
C0264856,Giant cell myocarditis
C0264863,Subacute endocarditis
C0264864,Chronic endocarditis
C0264865,Valvular endocarditis
C0264886,Conduction disorder of the heart
C0264906,Second degree atrioventricular block
C0264907,Mobitz type I incomplete atrioventricular block
C0264912,Left anterior fascicular block
C0264913,Left posterior fascicular block
C0264914,Bifascicular block
C0264965,Aneurysm of common carotid artery
C0264967,aneurysm artery carotid internal
C0265000,Arterial ulcer
C0265010,Ruptured thoracic aortic aneurysm
C0265012,ruptured Abdominal aneurysm
C0265029,Hepatic portal vein obstruction
C0265040,External hemorrhoids (disorder)
C0265051,Suppurative phlebitis
C0265110,Cerebral Angiospasm
C0265122,Disorder of pericardium
C0265135,Acute pericardial effusion
C0265143,chronic pericarditis
C0265147,Infectious pericarditis
C0265149,purulent Acute pericarditis
C0265191,Chronic acquired lymphedema
C0265194,Elephantiasis-non filarial-NOS
C0265240,Goldenhar Syndrome
C0265706,Gastroschisis
C0266063,Deep overbite
C0266103,incisive canal cyst
C0266313,Allanson Pantzar McLeod syndrome
C0266789,Velamentous insertion of umbilical cord (disorder)
C0266929,Chronic Periodontitis
C0267028,Cheilodynia
C0267038,abscess of tongue
C0267048,Glossoptoses
C0267071,Oropharyngeal Dysphagia
C0267092,Esophageal varices without bleeding
C0267146,chronic antral gastritis
C0267166,Gastritis and duodenitis
C0267179,Gastrocolic fistula
C0267354,Duodenal volvulus
C0267370,Angiodysplasia of colon
C0267373,Intestinal hemorrhage NOS
C0267380,Crohn's disease of the ileum
C0267395,Ischaemic enteritis
C0267413,Chronic ischaemic colitis
C0267448,colitis eosinophilic
C0267465,Stenosis of intestine
C0267493,Enteroptosis
C0267498,Diverticula of small intestine
C0267567,Abscess - anal/rectal
C0267614,appendicitis chronic
C0267615,appendicitis recurrent
C0267665,hernias intestinal
C0267672,Bilateral inguinal hernia
C0267725,Paraesophageal hernia
C0267750,acute peritonitis
C0267756,Abscess of peritoneum
C0267760,Mesenteric abscess
C0267762,Subhepatic abscess
C0267768,Biliary peritonitis
C0267770,Retractile Mesenteritis
C0267777,Abdominal wall adhesions
C0267797,acute hepatitis
C0267809,cirrhosis cryptogenic
C0267850,gallbladder gangrene
C0267853,Calculus of gallbladder with cholecystitis
C0267898,cholecystoduodenal fistula
C0267922,Recurrent cholangitis
C0267924,CHOLANGITIS SUPPURATIVE
C0267937,Acute recurrent pancreatitis
C0267938,subacute Pancreatitis
C0267952,Cirrhosis of pancreas
C0267963,Exocrine pancreatic insufficiency
C0268059,Neonatal hemochromatosis
C0268108,Chronic gouty arthritis
C0268186,Congenital glucose-galactose malabsorption
C0268305,bilirubin disorder metabolism
C0268381,Primary amyloidosis
C0268397,AD type amyloidosis
C0268540,HHH
C0268542,Ornithine carbamoyltransferase deficiency
C0268579,Propionic acidemia
C0268624,Sulfite oxidase deficiency
C0268669,Cardiovascular beriberi
C0268670,Beriberi neuropathy
C0268731,Renal glomerular disease
C0268732,nephritic syndrome
C0268799,acquired cyst of kidney
C0268800,Simple renal cyst
C0268853,bladder calcification
C0268854,bladder contracted
C0268875,Recto-urethral Fistula
C0269035,abscesses ovarian
C0269041,Chronic salpingitis
C0269048,metritis
C0269053,Myometritis
C0269268,breast hardness
C0269285,cervical pregnancy
C0269839,Dyscoordinate labor
C0269936,Puerperal sepsis
C0269972,Postpartum cardiomyopathy
C0270075,Perinatal disorder
C0270078,Extreme immaturity
C0270155,Meconium pneumonitis
C0270221,Syndrome of infant of diabetic mother
C0270246,Meconium plug syndrome
C0270250,meconium peritonitis
C0270327,Bedwetting
C0270496,bipolar type Schizoaffective disorder
C0270549,Generalized Anxiety Disorder
C0270680,brain compression stem
C0270733,Striatonigral Atrophies
C0270736,Essential Tremor
C0270742,Athetoid cerebral palsy
C0270786,Subcortical Arteriosclerotic Encephalopathies
C0270810,nerve palsy peroneal
C0270823,Petit mal status
C0270850,Idiopathic generalized epilepsy
C0270855,Early myoclonic encephalopathy
C0270858,abdominal migraine
C0270860,artery basilar migraines
C0270909,Common peroneal nerve lesion (disorder)
C0270942,Myasthenia gravis in crisis
C0270951,Ocular muscular dystrophy
C0270952,Oculopharyngeal Muscular Dystrophies
C0270972,Cornelia De Lange Syndrome
C0270984,metabolic myopathies
C0271007,Phthisis bulbi
C0271093,Stargardt's disease
C0271105,Acute iritis
C0271202,Homonymous Hemianopia
C0271240,Blindness of one eye (disorder)
C0271331,Abscess of orbit
C0271344,compression nerve optic
C0271355,Abducens Nerve Diseases
C0271375,Fourth cranial nerve paresis
C0271379,CI - Convergence insufficiency
C0271384,Amaurotic nystagmus
C0271385,Horizontal central vestibular nystagmus
C0271429,Acute otitis media
C0271441,chronic media otitis
C0271453,Serous otitis media
C0271468,Auditory tube disorder
C0271622,HYPOFUNCTION TESTICLE
C0271623,Hypogonadotropic hypogonadism
C0271635,Diabetes mellitus NOS with no mention of complication
C0271650,Impaired glucose tolerance
C0271680,Diabetic Polyneuropathies
C0271706,Hyperplasia of pancreatic islet beta cell
C0271725,Iatrogenic Cushing's disease
C0271751,Adrenal infarction
C0271761,Multinodular non-toxic goiter
C0271815,Post-partum Thyroiditides
C0271844,Enlarged parathyroid glands
C0271847,Hyperparathyroidism due to renal insufficiency
C0271858,tertiary hyperparathyroidism
C0271903,anemia nutritional
C0272126,Evans syndrome
C0272181,Agranulocytosis due to infection
C0272199,Familial Hemophagocytic Lymphocytosis
C0272242,complement deficiencies
C0272249,gammopathy polyclonal
C0272278,Congenital and hereditary thrombocytopenia
C0272282,Cyclic thrombocytopenia
C0272285,Heparin-induced thrombocytopenia
C0272302,Gray Platelet Syndrome
C0272375,Antithrombin III Deficiency
C0272386,Hypertrophy of tonsils
C0272388,Amygdalolith
C0272404,Hyposplenism
C0272407,Cyst of spleen
C0272409,Non-traumatic rupture of spleen
C0272412,abscesses spleen
C0275550,Acute bacterial peritonitis
C0275551,Primary bacterial peritonitis
C0275583,Pulmonary Nocardioses
C0275706,Infection caused by Mycobacterium kansasii
C0275708,Mycobacterium marinum Infection
C0275804,streptococcal tonsillitis
C0275828,CL - Condylomata lata
C0275919,Tuberculous ascites
C0275928,prostate tuberculosis
C0275982,Enteric campylobacteriosis
C0276026,haemophilus influenzae pneumonia
C0276089,Escherichia coli pneumonia
C0276138,Viral myocarditis
C0276139,pericarditis viral
C0276226,Herpes encephalitis
C0276248,disseminated herpes zoster
C0276252,CMV - Cytomegalovirus hepatitis
C0276253,Cytomegaloviral pneumonia
C0276333,Parainfluenzal pneumonia
C0276430,EM - Enteroviral meningitis
C0276434,Acute hepatitis A
C0276609,acute b hepatitis
C0276622,acute hepatitis viral
C0276623,Chronic viral hepatitis
C0276651,aspergilloma
C0276653,Acute invasive pulmonary aspergillosis
C0276688,Cryptococcal Pneumonia
C0277524,infectious colitis
C0277525,flu stomach
C0277823,Charleyhorse (finding)
C0278008,Abnormal bowel habits
C0280028,[M] Refractory anaemia with excess of blasts with transformation
C0281778,abscess anal
C0281856,Generalized aches and pains
C0282513,Primary Progressive Aphasia (disorder)
C0282687,disease ebola
C0302112,myelophthisis
C0302540,Abdmnal tndr generalized
C0302886,Toxic synovitis
C0311223,Frozen shoulder
C0311273,Ascending cholangitis
C0311284,Lipoid dermatoarthritis
C0311335,Grand Mal Status Epilepticus
C0312422,Blackout - symptom
C0332544,abnormal gain weight
C0333014,Staghorn Calculi
C0333559,infarction lacunar
C0334020,keratosis obturans
C0338395,E COLI MENINGITIS
C0338430,Paraneoplastic Limbic Encephalitides
C0338437,Brain Cysticercosis
C0338442,alcoholic cerebellar degeneration
C0338451,Frontotemporal dementia
C0338480,Common Migraine
C0338483,Migraine with Prolonged Aura
C0338489,status migrainosus
C0338497,[D]Sleep rhythm inversion
C0338502,Hypoplasia of optic nerve
C0338503,Septo-Optic Dysplasia
C0338585,carotid artery dissection
C0338586,Vertebral Artery Dissections
C0338591,Transient Global Amnesia
C0338596,Spastic cerebral palsy
C0338831,Manic
C0338908,anxiety depression
C0338909,Anxiety hysteria
C0339143,Thyroid associated opthalmopathies
C0339295,Exposure keratitis
C0339573,Chronic Primary Open Angle Glaucoma
C0339904,Bilateral basilar pulmonary fibrosis
C0339946,Bronchopneumonic tularaemia
C0339951,organism pneumonia
C0339961,fungal pneumonia
C0339962,Pulmonary mucormycosis
C0339969,Pneumonia due to parasitic infestation
C0339971,Varicella pneumonia
C0340030,plaque pleural
C0340044,acute copd exacerbation
C0340236,Bronchocutaneous fistula
C0340288,Stable angina
C0340331,Defect of ventricular septum following myocardial infarction
C0340425,Hypertrophic cardiomyopathy without obstruction
C0340514,Cardiac arrest with successful resuscitation
C0340608,renal artery thrombosis
C0340639,aneurysm carotid artery
C0340648,dissection of coronary artery
C0340649,Dissection iliac artery
C0340992,Cryoglobulinaemic vasculitis
C0341106,Eosinophilic esophagitis
C0341117,Esophageal erosions
C0341154,Esophageal atresia with tracheoesophageal fistula (disorder)
C0341164,Bleeding gastric ulcer
C0341245,Hemorrhagic duodenitis
C0341276,jejunitis
C0341332,Colitis of Indeterminate Type
C0341384,Intersphincteric abscess
C0341461,Idiopathic acute pancreatitis
C0341858,Endometriosis of uterus
C0342114,diffuse goiter
C0342200,Endemic Cretinism
C0342257,Complications of Diabetes Mellitus
C0342294,"juvenile type, with ketoacidosis Diabetes mellitus"
C0342527,androgen deficiency
C0342635,Hungry bones syndrome
C0343026,infection nails
C0343052,guttate psoriasis
C0343055,Generalized pustular psoriasis
C0343065,autographism
C0343101,Wells syndrome
C0343168,Effusion of elbow
C0343200,Giant cell arteritis with polymyalgia rheumatica
C0343206,Hypocomplementemic urticarial vasculitis
C0343231,cyst ganglion wrist
C0343401,MRSA - Methicillin resistant Staphylococcus aureus infection
C0343752,acute HIV infection
C0343755,HIV Wasting Syndrome
C0343804,Chronic Chagas' disease
C0343900,Disseminated classical histoplasmosis
C0344304,Abdmnal pain generalized
C0348165,Central Nervous System Viral Diseases
C0348226,Other viral infections
C0348236,[X]Candidiasis of other sites
C0348494,Hyperlipidemia NEC/NOS
C0348499,Amyloidosis NEC
C0348584,Multiple valve disease
C0348593,Reinfarction of myocardium
C0348626,Cardiac dysrhythmias NEC
C0348668,Other and unspecified disorders of the circulatory system
C0348677,[X]Other viral pneumonia
C0348708,Other pneumothorax
C0348730,[X]Other gastritis
C0348746,[X]Other peritonitis
C0348754,Toxic liver disease
C0348760,[X]Other chronic pancreatitis
C0348890,idiopathic Aplastic anemia
C0348893,Chronic superficial gastritis
C0348898,Irritable bowel syndrome with diarrhea
C0348916,Insulin-dependent diabetes mellitus with multiple complications
C0349006,aureus septicemia staphylococcus
C0349081,dementia disease parkinson's
C0349086,Delirium co-occurrent with dementia
C0349087,[X]Other delirium
C0349204,Nonorganic psychosis
C0349208,episodes manic
C0349217,unspecified Depressive episode
C0349231,Phobic anxiety disorder
C0349234,[X]Other specified anxiety disorders
C0349245,Dissociative convulsions
C0349251,behavioral syndrome
C0349366,Moderate protein energy malnutrition
C0349578,Adenomatoid endometrial hyperplasia
C0349782,Ischemic cardiomyopathy
C0362046,Prediabetes syndrome
C0375268,Ac/subac endocardit NOS
C0375553,Continuous leakage of urine
C0376175,Bell Palsy
C0376620,Pouch Ileitis
C0376685,Shoulder Impingement Syndrome
C0376710,Esophageal Hernia
C0391976,disorder pain
C0392054,PULMONARY ATYPICAL MYCOBACTERIAL INFECTION
C0392361,sadomasochism
C0392464,aneurysms ventricular
C0392492,Asymptomatic periapical periodontitis
C0392514,Hereditary hemochromatosis
C0392525,Nephrolithiasis
C0392528,Abscess of fallopian tube
C0392548,Cauda Equina Syndrome
C0392702,Abn involun movement NEC
C0393561,Subcortical Vascular Dementias
C0393570,Cortical basal ganglionic degeneration
C0393615,Familial Tremor
C0393639,Autoimmune encephalitis
C0393642,Sepsis Associated Encephalopathies
C0393734,Complex partial status epilepticus
C0393738,Chronic tension headache
C0393819,Chronic Inflammatory Demyelinating Polyradiculoneuropathy
C0393847,Multifocal motor neuropathy
C0393851,Critical illness-associated polyneuropathy
C0393949,Other cerebrovascular disease
C0394996,Acute alcoholic intoxication
C0398623,Thrombophilia
C0398625,c deficiency protein
C0398650,Immune thrombocytopenic purpura
C0400821,colitis microscopic
C0400822,colitis lymphocytic
C0400832,Anal and rectal ulcer NOS
C0400895,Hepatitis due to toxoplasmosis
C0400914,acute c hepatitis
C0400966,Nonalcoholic Fatty Liver
C0400975,Other cholangitis
C0401119,hernia lumbar
C0401146,Constipation - functional
C0401149,Chronic constipation
C0403389,Chronic obstructive pyelonephritis
C0403447,Chronic Kidney Insufficiency
C0403452,Acute cortical necrosis
C0403529,Anti-Glomerular Basement Membrane Disease
C0404521,Infective vaginitis
C0406047,Local infection skin/subcut tissue NOS
C0406317,Chronic small plaque psoriasis
C0406670,Vulvodynia
C0409651,Seropositive rheumatoid arthritis
C0409652,Seronegative rheumatoid arthritis
C0409818,"Cutaneous, and Articular Syndrome Chronic Infantile Neurological"
C0409959,Knee Osteoarthritis
C0409974,Lupus Erythematosus
C0410076,ischial bursitis
C0410257,Muscle crush syndrome
C0410345,Subacute osteomyelitis
C0410422,Chronic multifocal osteomyelitis
C0410550,collapsed vertebra
C0410632,node schmorls
C0410648,spinal instability
C0410652,Cervical spine instability
C0423572,Pins and needles
C0423625,Bilateral earache
C0423665,Arthralgia of the hand
C0423729,breath chest pain
C0423735,bladder painful spasms
C0423738,Anal spasm/pain
C0424184,fear fly
C0425481,sigh
C0426636,Bowel urgency
C0426970,Spastic Quadriplegia
C0427055,Facial Paresis
C0427285,click hip
C0428908,Sinus Node Dysfunction (disorder)
C0442874,Neuropathy
C0451641,Urolithiasis
C0451819,Simple obesity
C0451840,erosive osteoarthritis
C0452138,Bilateral nerve deafness
C0452143,Flaccid paraplegia
C0452221,Osteomyelitis of vertebra
C0452222,Flatback syndrome
C0455880,[D]Poor urinary stream
C0456065,ELBW
C0456097,Congenital viral disease
C0456103,Sepsis of the newborn
C0472702,Anemia other/unspecified
C0472762,Alpha trait thalassemia
C0473878,Tenia solium infection
C0475728,Subgaleal hemorrhage
C0476206,Dizziness and giddiness symptoms
C0476254,Dyslexia
C0476258,Awareness of heartbeat
C0476278,Anterior chest wall pain
C0476287,Breath-holding spell
C0476289,Abdominal wind pain
C0476480,Physical violence
C0476481,Chronic intractable pain
C0476482,[D]Restlessness and agitation
C0477372,[X]Other status epilepticus
C0477474,dermatitis and eczema
C0477490,[X]Urticaria and erythema
C0477606,[X]Other fusion of spine
C0477615,[X]Other spondylosis with radiculopathy
C0477633,cervical disc disease
C0477634,[X]Other myositis
C0477745,Other acute renal failure
C0478124,[X]Other and unspecified skin changes
C0478138,[X]Other hallucinations
C0478148,Chronic pain NEC
C0478150,[X]Other shock
C0494261,Combined immunity defic
C0494273,[X]Other specified hypothyroidism
C0494415,Anxious personality disorder
C0494475,Tonic - clonic seizures
C0494491,mononeuropathies
C0494822,[X]Cellulitis of other sites
C0494904,Other arthritis
C0494989,lesion shoulder
C0495083,Inflammation of scrotum
C0495666,chest throat pain
C0495669,abdominal and pelvic pain
C0495682,cramp and spasm
C0497135,Irritable infant
C0497156,Lymphadenopathy
C0497327,Dementia
C0497442,diseases infectious other
C0518179,Change in voice (finding)
C0519030,Pneumonia due to Klebsiella pneumoniae
C0520459,Necrotizing Enterocolitis
C0520482,Somatization Disorder
C0520575,Acute pyelonephritis
C0520678,postnatal psychosis
C0520679,Obstructive Sleep Apnea
C0521170,due fractures osteoporosis
C0521515,calcific tendinitis
C0521573,Cleft eyelid
C0521614,gallstone pancreatitis
C0521652,caffeine withdrawal
C0521668,Primary Thunderclap Headache
C0522183,fear of blood
C0524528,Pervasive Development Disorder
C0524620,Metabolic Syndrome X
C0524662,Opiate Addiction
C0524851,Neurodegenerative Disorders
C0524909,chronic hepatitis b
C0524910,c chronic hepatitis
C0525045,affecive disorder
C0542269,Non-Q wave myocardial infarction
C0546384,Focal oral mucinosis
C0546839,Other myopathies
C0546947,choked feeling
C0546961,Atrioventricular paroxysmal tachycardia
C0546983,Post-Concussion Syndrome
C0549117,Frontal lobe syndrome
C0549150,Pseudofolliculitis barbae (disorder)
C0549201,Acquired xeroderma
C0549423,Obstructive Hydrocephalus
C0549470,Preglaucoma
C0549567,Pigmentation Disorders
C0549622,Sexual Dysfunction
C0553604,Myotonic Disorder
C0553656,Acute peritonsillitis
C0553718,Renal artery occlusion
C0553730,Calcium pyrophosphate deposition disease
C0553977,Ac/subac bact endocard
C0553983,Other peripheral vascular disease
C0557874,Global developmental delay
C0558154,Pressure sore on head
C0558155,Pressure sore on back
C0558158,decubitus heel ulcers
C0558160,buttock Decubitus ulcer
C0558362,pansinusitis
C0564567,Impulsive character (finding)
C0564820,Pain in left arm
C0564821,Pain in right arm
C0564822,left leg pain
C0564823,leg pain right
C0566602,Primary sclerosing cholangitis
C0566951,sores vaginal
C0574027,Vertebral artery aneurysm
C0574042,ganglion hand
C0581384,anemia chronic
C0584960,Factor V Leiden mutation
C0588233,Sepsis caused by enterococcus
C0596170,Binge eating disorder
C0596240,Cancer Pain
C0600040,Chronic interstitial cystitis
C0600104,Obsessive compulsive behavior
C0600327,Toxic Shock Syndrome
C0600427,addiction cocaine
C0600433,Activated Protein C Resistance
C0600452,hepato pulmonary syndrome
C0677061,Pain in thoracic spine
C0677607,Hashimoto Disease
C0677659,Gastro-esophageal reflux disease with esophagitis
C0678189,hypercholesterolemia pure
C0678201,Terminal Ileitis
C0678202,Regional enteritis
C0685095,Biventricular congestive heart failure
C0686347,Tardive Dyskinesia
C0687120,Nephronophthisis
C0694539,Chronic AF
C0694548,asthma cough variant
C0694551,Abdmnal pain rt lwr quad
C0700201,Dyssomnias
C0700251,Brachial Plexus Neuropathies
C0700345,Vulvovaginal Candidiasis
C0700503,Herpes zoster meningitis
C0700594,Radiculopathy
C0700613,Anxiety state
C0700636,FNH
C0701157,primary thrombocytopenia
C0701824,Staggering gait
C0701825,Acute mastoiditis
C0702154,Multiple joint disease
C0702157,Thalassemia trait
C0702166,Acne
C0728936,circulation disorder
C0730328,Central Serous Chorioretinopathy
C0730525,CHRONIC POST TRAUMATIC STRESS DIS
C0730557,abuse mental
C0740253,Empyema with fistula
C0741034,equivalent Angina
C0741160,Ruptured Aortic Aneurysm
C0741439,Bandemia
C0741804,acute bronchospasm
C0742803,conus medullaris syndrome
C0745136,emergencies hypertensive
C0745138,hypertensive urgencies
C0745411,bleeding irregular
C0745754,granuloma hepatic
C0746674,Generalized muscle weakness
C0747827,pregnancy and pyelonephritis
C0748355,Acute respiratory distress
C0748607,Recurrent seizures
C0749101,abscess submandibular
C0749165,Supraglottitis
C0750901,Early Onset Alzheimer Disease
C0751098,Mosquito-borne viral encephalitis
C0751185,Benign cough headache
C0751265,Learning Disabilities
C0751362,Cataplexy and narcolepsy
C0751419,Sensory Neglect
C0751494,Convulsive Seizures
C0751559,pulsatile tinnitus
C0751748,Nonketotic Hyperglycinemia
C0751772,Rapid Eye Movement Sleep Behavior Disorder
C0751774,disorder limb movement periodic
C0751837,gait Ataxia
C0751908,Vestibular Neuronitis
C0751931,femoral lesion nerve
C0751951,Central Core Myopathy (disorder)
C0752304,Hypoxic-Ischemic Encephalopathy
C0795864,Smith-Magenis syndrome
C0837143,Dissection of abdominal aorta
C0838765,instabilities lumbar
C0839480,lower leg Pain in limb
C0840927,Asomatognosia
C0847415,facet joint degeneration
C0848548,hypertensive nephropathy
C0850024,Gluten sensitivity
C0851258,Prepatellar bursa disease
C0851341,Infestation
C0851578,Sleep Disorders
C0852036,Pregnancy associated hypertension
C0852654,21-hydroxylase deficiency
C0853037,Viral endocarditis
C0853193,Bipolar 1 disorder
C0854110,diabetes insulin resistant
C0854248,gram negative pneumonia
C0854530,HHV-6 Infection
C0856054,Change in mental status
C0856761,Budd-Chiari Syndrome
C0856825,Acute GVH disease
C0857751,Erythema multiforme minor
C0865800,asthma copd
C0867389,Chronc graft-vs-host dis
C0869256,Mixed incontinence
C0869474,Dyscalculia
C0872084,sarcopenia
C0877023,Intercostal pain
C0878486,Arterioloscleroses
C0878511,Acute pyometra
C0878521,beta thalassaemia trait
C0878544,Cardiomyopathies
C0878707,"hematocrit, precip Drop"
C0878773,Overactive Bladder
C0917798,Cerebral Ischemia
C0917799,Hypersomnia
C0917801,Sleeplessness
C0917805,Transient Cerebral Ischemia
C0917996,Cerebral Aneurysm
C0919563,Dissection of renal artery
C0920350,Autoimmune thyroiditis
C0936250,eczema herpeticum
C0948343,Acute lung injury during and following administration of blood product
C0949188,bleeding into ventricle
C0973461,[D]Dysphasia
C0994344,Rheumatoid lung disease
C1096116,acquired haemophilia
C1096197,Immune reconstitution syndrome
C1112709,non-gonococcal urethritis (NGU)
C1135188,critical illness myopathies
C1135191,failure heart systolic
C1135194,Chronic systolic heart failure
C1135196,Diastolc hrt failure NOS
C1135352,stasis edema
C1142166,Brugada Syndrome (disorder)
C1142436,sundown
C1142536,Methicillin resistant pneumonia due to Staphylococcus aureus
C1145628,Autonomic nervous system disorders
C1145670,Respiratory Failure
C1257843,pseudomembranous colitis
C1258666,Myxoid cyst
C1260386,Glucocorticoid-remediable aldosteronism
C1260403,gene mutation prothrombin
C1260405,dementia frontal
C1260873,Aortic valve disorder
C1260881,Allergic bronchitis
C1260896,congenital sepsis
C1260901,Megakaryocytic aplasia
C1260915,Late latent syphilis
C1261278,trigonitis
C1261283,Actinomycetoma
C1263846,Attention deficit hyperactivity disorder
C1263855,lumbar radiculopathy
C1269683,Major Depressive Disorder
C1270972,Mild cognitive disorder
C1274184,DA - Dermatitis artefacta
C1275742,gastric peptic ulcer
C1279945,Acute interstitial pneumonia
C1282208,Preseptal cellulitis
C1291077,Abdominal bloating
C1298681,oxalosis
C1298685,chronic pain syndrome
C1299613,"juvenile type, with unspecified complication Diabetes mellitus"
C1299614,"adult onset, with unspecified complication Diabetes mellitus"
C1305122,Thoracoabd aneurysm rupt
C1306121,Abscess of gallbladder
C1306341,Mental handicap
C1306557,Chronic venous insufficiency
C1306856,Megaloblastic anemia due to inborn errors of metabolism
C1313952,periodic breathing
C1318533,Acquired polycythaemia
C1318973,Staphylococcus aureus infection
C1319018,Asthmatic bronchitis
C1321321,Cholesterol retinal embolus
C1321756,Achalasia
C1328840,ALPS
C1333324,Barretts esophagus with dysplasia
C1334003,Barretts esophagus with high grade dysplasia
C1334414,Barretts esophagus with low grade dysplasia
C1367972,Phlebitis and thrombophlebitis
C1370824,Interstitial emphysema
C1384514,Conn Syndrome
C1384584,Generalized osteoarthritis
C1384589,Tinea cruris
C1384594,Nephroptosis
C1384641,Cervical spondylosis
C1384666,hearing impairment
C1388846,meconium aspiration pneumonia
C1399226,Ectopic rhythm
C1403880,Viral meningoencephalitis
C1405128,Pleural fistula
C1410847,Fusion of spine (disease)
C1412000,Mesenteric vascular insufficiency
C1442839,Hypervitaminosis D
C1442903,Exostoses
C1442915,Corkscrew esophagus
C1443381,stage 1 Retinopathy of prematurity
C1443382,stage 2 Retinopathy of prematurity
C1443383,stage 3 Retinopathy of prematurity
C1443972,cyst of prostate
C1456240,Narcolepsy without cataplexy
C1456784,Paranoia
C1456786,paranoid state
C1456865,Ureteral Calculi
C1510446,Acute ischaemic heart disease
C1510449,Chronic iridocyclitis
C1510471,Vitamin Deficiency
C1510475,Diverticulosis
C1527330,Pyridoxine Deficiency
C1527336,Sjogren's Syndrome
C1527340,Voice Disturbance
C1527344,Dysphonia
C1527375,Cystic Breast Disease
C1527407,Eosinophilic Pneumonia
C1535926,Neurodevelopmental Disorders
C1535939,Pneumocystis jiroveci pneumonia
C1536114,Central pain syndrome
C1541919,Mural cardiac aneurysm (disorder)
C1561643,Chronic Kidney Diseases
C1561828,Anaemia co-occurrent and due to chronic kidney disease
C1561842,Idiopathic insomnia
C1565662,Acute Kidney Insufficiency
C1567741,Alport Syndrome
C1579029,Chronic uraemia
C1622502,Portal cirrhosis
C1629504,Atypical Burkitt lymphoma
C1659098,Complete paraplegia
C1660761,Incomplete paraplegia
C1691228,Cystic Kidney Diseases
C1691779,Sensory hearing loss
C1692886,Bacterial Arthritis
C1701940,Ventilator Associated Pneumonia
C1704214,Lipogranuloma
C1704268,Delusion of persecution
C1704272,Benign Prostatic Hyperplasia
C1704330,Dental Diseases
C1704423,Milroy Disease
C1710146,Spinal Arachnoiditis
C1719672,Severe Sepsis
C1720775,Renal tubular necrosis
C1739363,Prostatic Hypertrophy
C1739395,Takotsubo Cardiomyopathy
C1744601,abnormal beats heart
C1761613,Conjunctival hyperemia
C1800706,Idiopathic Pulmonary Fibrosis
C1853118,Severe congenital neutropenia
C1861783,axis coeliac compression syndrome
C1883524,Valvular stenosis
C1956089,Osteophyte
C1956097,Wolf-Hirschhorn Syndrome
C1956414,Cardiac asthma
C1960045,Mild intermittent asthma
C1960046,Mild persistent asthma
C1960047,Moderate persistent asthma
C1960048,Severe persistent asthma
C1960870,Transformed migraine
C2004456,CIRRHOSIS LIVER POSTNECROTIC
C2004487,Vaginospasm
C2004521,Vitamin B12 deficiency anemia
C2016977,Pain in right foot
C2032333,pain of left arm only
C2032351,Pain of left hand
C2032401,pain of right arm only
C2032420,Pain in right hand
C2063431,Total retinal detachment
C2126411,Pain of right forearm
C2141243,Pain in left foot
C2141922,Pain of left hip joint
C2142181,Pain in left knee
C2167935,Pain of left wrist
C2199591,earache of left ear
C2199592,earache of right ear
C2202100,Pain in right hip joint
C2202235,Pain in right knee
C2242472,Infection of bone
C2242814,Acute sore throat
C2243080,Intestinal necrosis
C2267227,Bulimia Nervosa
C2315800,oral phase Dysphagia
C2316401,Chronic kidney disease stage 1
C2316460,Pathological laughing and crying
C2316810,Chronic kidney disease stage 5
C2347126,Microscopic Polyarteritis
C2349529,Methicillin susceptible pneumonia due to Staphylococcus aureus
C2349994,Tinea barbae
C2350621,Eumycetoma
C2363973,Chronic thromboembolic pulmonary hypertension
C2364010,Chronic nephritis
C2584620,Hereditary hypercoagulable disorder
C2584774,Congenital hypofibrinogenemia
C2586050,Ulcerative esophagitis
C2607914,Allergic rhinitis (disorder)
C2711480,Chronic diastolic heart failure
C2712360,Severe hypoxic ischaemic encephalopathy
C2717961,Thrombotic Microangiopathies
C2724209,Fibrothorax
C2732281,Secondary osteoarthritis
C2732749,Acute on chronic diastolic heart failure
C2733492,Ac on chr syst hrt fail
C2741633,Barrett's ulcer
C2830004,Somnolence
C2830344,Strains to void
C2881131,Bilateral leukocoria
C2882221,Acute pulmonary embolism
C2882248,Nonrheumatic pulmonary valve regurgitation
C2887084,Sepsis caused by Streptococcus pneumoniae
C2887088,Sepsis caused by Staphylococcus aureus
C2887096,Sepsis caused by Pseudomonas
C2887097,Sepsis caused by Serratia
C2894027,Post traumatic osteoarthritis
C2895419,Neuraligia of right sciatic nerve
C2895420,Left side sciatica
C2896360,Adhesive capsulitis of left shoulder
C2896376,Bursitis of right shoulder
C2896377,Bursitis of left shoulder
C2896455,Pain of right thigh
C2896456,Pain of left thigh
C2902961,Hypertension due to compression of renal parenchyma
C2919460,Joint pain-ankle
C2921070,Abdominal aortic ectasia
C2931689,Dystrophia myotonica 2
C2931917,Alcohol induced encephalopathy
C2936476,Chronic Liver Failure
C2937222,Chronic ulcerative proctitis
C2937421,Prostatic Hyperplasia
C2939130,Other bacterial diseases
C2939175,Meconium ileus
C2939447,Right ventricular failure
C2945606,Encopresis (finding)
C2960127,Heart failure with normal ejection fraction
C3160858,Posterior reversible encephalopathy syndrome
C3161098,Secondary spontaneous pneumothorax
C3161105,NEHI
C3164390,Sepsis caused by methicillin resistant Staphylococcus aureus
C3203102,Idiopathic pulmonary arterial hypertension
C3241919,Erythema Multiforme Major
C3241937,NASH - Nonalcoholic steatohepatitis
C3241961,Miliaria crystallina
C3489393,Hiatal Hernia
C3495801,Granulomatosis with polyangiitis
C3536892,Rheumatic fever/heart disease
C3665346,Unspecified visual loss
C3695318,Chronic kidney disease due to hypertension
C3714511,abscessed bladder
C3714552,Weakness
C3714581,Multicystic Dysplastic Kidney
C3714757,Juvenile rheumatoid arthritis
C3714772,Recurrent fevers
C3887645,Job Syndrome
C3898653,Joint ESC/ACCF/AHA/WHF Task Force Type 4C Myocardial Infarction
C4048158,Convulsions
C4082145,tobacco withdrawal
C4083212,Male Pattern Alopecia
C4316911,Benign retention cyst
C4317009,Diverticular Diseases
C4317126,Niacin deficiency
C4520843,Pterygium of eye
